"HUOM","A_Farmid","BASIC_Interviewed","Tila","BASIC_Type","BASIC_Size_SowsNUM","BASIC_Size_GiltsNUM","BASIC_Size_PigsNUM","Karjut_astsiem","BASIC_Size_BoarsNUM","MG_feedtimes_preg","MG_feedtimes_far","MG_feed_liq_solid","B_Biosec","B_Biosecused","B_Biosec_012","Siilotkat","B_Pests","B_Entrancehuman","B_Entranceanimal","Suojvar","Suojvarpuh","B_Handswash","Toimsiis","B_Bootswash","B_Loadingbay","B_Entrancedriver","MGR_Preg_allinallout","MGR_Preg_separate","MGR_Preg_wash","JOU_pesuaine_0ei","MGR_Preg_desinf","MGR_Preg_empty","MGR_Far_allinallout","MGR_Far_separate","MGR_Far_wash","MGR_Far_washmittel","MGR_Far_desinf","MGR_Far_empty","Raa_0ei_1kontti_2huone","B_carcasstruckenter","Raa_viilea._0ei","B_pestentercarcass","B_pestcontrol","B_pestsigns","B_birds","B_pestcontrolplan","B_cats","kissoja0on1ei","B_pets_in","BASIC_Water_0own_1com_2noinfo","V_ery","V_parvo","V_coli","V_sirco","V_ClC","V_ClA","V_SI","V_APP","M_parasperyear","M_parasot_1before_2inFAR_3noinfo_4allatonce","Uusiryh","MG_sowsincratespostmix","Virike_0ei_1ol_2hei_3saha_4tur_5sanom_lelu.MG_materialtogetherwithmixing","MG_materialtogetherwithmixing_0no_1yes","MG_rootingmat","MG_mixing_1ok_2tmp_3notmp_4oktmp","M_induction_0never_1sometimes","M_milkfever","M_metritis","M_secr","M_mastitis","M_lame","M_anorex","M_fever","M_injury","M_pregNSAIDS100","M_pregAB100_NUM","M_farNSAIDS100_NUM","M_farAB100_NUM","M_routine_0no_1yes","M_routine_medic","M_rAB","M_rOX","M_rIND","M_rFARNSAIDS","TH_erityista","MG_owngilts","MG_owngilts.1","MGINS_giltpurchage_NUM","MGINS_giltchangebeforeins","MGINS_giltflush","MGINS_giltboarstart","Ensikk_karjukontaktiensi_0hajutaina.ko._1aidanla.pi_2kars","MGINS_giltinsage","Ensikk_yhdist_1ennsiem_2tiineena._3porsja.lk_4tilantmuk","Karju_1astosastossa_2joutos_3ensikoidenos_4omaos","MGINS_heatgroup","MGINS_heatdetec_startNUM","MGINS_heatmarkback","MGINS_artinsproNUM","MGINS_farmsemenNUM","MGINS_insonceNUM","MG_instriple","MG_instriple.1","MG_aveins","Kiimantark_postsiem","Emakotkiinni_postsiem_vrk","Postsiem_ryhma.ka.ytt_havainnointi","Tiin_ultra1vrk","Tiin_ultra2","MGINS_nopregus","MGFAR_ToFarunitNUM","M_Farind_0no_1rout_2sometimes","MGFAR_NestmatdaysNUM","MGFAR_nestmatamount","MGFAR_nestmat","M_OX_10far","M_obstex_preOX","M_Oxdosage","M_OX_between","M_Oxmax","MGFAR_far_assist_CAT","M_far_assist","MGFAR_farassist","M_farNSAIDS_0no_1rout_2ifneed","MGFAR_piglet_rem_ageNUM","MGFAR_piglet_rem_amountCAT","Pahntasausma.a.ra._per10pahn","MGFAR_piglet_addfeedage","Ruoksu_0ei_1itse_2neuvoja_3kylla.eitietoa","MG_ind_feed","AS_1ast_jout_samassa_2asteiole","AS_er_os_lkm","R_BR_sowspersection","R_BR_pensinsecNUM","R_BR_sowsNUM","AS_karspit","AS_karslev","AS_vapaatnelio.tperemo","AS_hakkipit","AS_hakkilev","R_BR_area2_NUM","AS_JOUTILASHa.KKI_PIT","AS_JOUTILASHa.KKI_LEV","AS_JOUTILASHa.KKI_NELIo.T","AS_pitotapa.R_BR_type","AS_ryhmka.yt","R_BR_noise","R_BR_pest","AS_haittael_laatu","R_BR_airqual","AS_ilma_amm","AS_ilma_po.ly","AS_ilma_muu","AS_kosteus","R_BR_C","R_BR_outC","AS_valaistus","R_BR_floorbetmetplastwoodother","AS_alusta_5_laatu","AS_latt_rakenne1234","R_BR_floorsolid_NUM","AS_pr_ritila","AS_pr_rako","AS_pr_viema.r","MG_BR_bedtype","AS_kuiv_5_mika","MG_BR_amount","MG_BR_root01","AS_tonkimat_6_mika","MG_BR_toy01","AS_lelu_4mika","AS_mat_vaiht","AS_ma.a.ra.123","AS_annostelu1234","R_BR_kuivaliete","AS_rak_kunto","AS_latt_pita.va","MG_sickpen","MG_BR_dirt","AS_sk_parempi.1.KYLLA","AS_sk_kiintea","AS_sk_kuivike","AS_sk_siisti","AS_sk_kuiva","AS_sk_syo.rauha","AS_sk_juorauha","MG_BR_feedtype","AS_ruokpaikka","MG_BR_feedclean","AS_juomalaite123","AS_juonalkm","AS_vetta.15s","AS_juomapuht","AS_juomatoim","AMG_BR_calm","MG_BR_dirtanim","AS_hoitotarveKE","MG_BR_ster","MG_EPHAR_kaNUM","EP_HAR_KA","EP_haava_ka","R_BR_PREGsame","R_PR_sectionsNUM","R_PR_sowsinsecNUM","TII_kars_os","R_PR_sowsNUM","TII_karspit","TII_karslev","R_PR_areaPB_NUM","R_PR_areaNUM","TII_va.liseina.t","TII_ha.kkipit","TII_ha.kkilev","R_PR_crareaNUM","MG_PR_type","TII_ryhmka.yt","R_PR_nonoise","TII_haittael_ei","TII_haittael_laatu","R_PR_air","TII_ilma_amm","TII_ilma_po.ly","TII_ilma_muu","TII_kosteus","R_PR_CNUM","C.outnum","TII_valaistus","TII_alusta12345","TII_alusta_5_laatu","TII_latt_rakenne1234","R_PR_floorsolidNUM","TII_pr_ritila","TII_pr_rako","TII_pr_viema.r","R_PR_bedmat","TII_kuiv_5_mika","R_PR_bedmatamount","TII_pr_mak_alasta","MG_PR_root","TII_tonkimat123456","TII_tonkimat_6_mika","MG_PR_toy","TII_lelukomm","TII_lelu_4mika","TII_mat_vaiht","MG_rootamount","TII_annostelu1234","MG_PR_kuivaliete","TII_rak_kunto","TII_latt_pita.va","TII_sairkars","R_PR_dirtNUM","MG_PR_ruok_0nonlock_1lock","MG_PR_feedtype","TII_ruokpaikka","TII_ruokpuht","TII_juomalaite123","TII_juonalkm","TII_vetta.15s","TII_juomapuht","TII_juomatoim","TII_rauhallisuus123","MG_PR_dirt","TII_hoitotarveKE","MG_PR_ster","MG_LPHAR_kaNUM","TII_haava_ka","R_FAR_secNUM","R_FAR_pensinsecNUM","POR_karspit","POR_karslev","POR_ha.kkipit","POR_ha.kkilev","R_FARpenNUM","Porsha.kki_nelio.t","POR_meluton","POR_haittael_ei","POR_haittael_laatu","R_FAR_airqual","POR_ilma_amm","POR_ilma_po.ly","POR_ilma_muu","POR_kosteus","POR_C","POR_ulkoC","POR_valaistus","POR_alusta_5_laatu","POR_latt_rakenne1234","R_FAR_floorsolidNUM","POR_pr_ritila","POR_pr_rako","POR_pr_viema.r","MG_FAR_bed","MG_FAR_bed12345","POR_kuiv_5_mika","MG_FAR_bedamount","POR_pr_mak_alasta","MG_FAR_root","POR_tonkimat123456.MG_root123456","POR_tonkimat_6_mika","MG_FAR_toy","MG_FAR_toynum","POR_lelukomm","POR_lelu_4mika","POR_mat_vaiht","MG_FAR_rootamount","POR_annostelu1234","R_FAR_kuivaliete","POR_rak_kunto","R_FAR_nonslippery","POR_sairkars","MG_FAR_dirt","POR_ruoklaite12345","POR_ruokpaikka","POR_ruokpuht","POR_juomalaite123","POR_juonalkm","POR_vetta.15s","POR_juomapuht","POR_juomatoim","POR_rauhallisuus123","MG_FAR_diranim","Hajukarjut_per_emakko","MGBR_sowsperboar_NUM","B_biosecsumNUM","tAUTISUOJASUMMA_KISSA0P","M_lameness","M_AB_effectave","TII_VIRMa.a._0_ei_1pellel_2pelvir_3niukuihiemnvir_4riirunkuiv","MG_PREG_toy","AS_VIRMa.a._0ei_1pellel_2pelvir_3niukuihiemvir_4riirunkuiv","MG_BR_toy","POR_VIRMa.a._0_ei_1pellel_2pelvir_3niukui_4riikuiv","MG_FAR_toytoinen","BASIC_edulevel","BASIC_ave_exp","BASIC_edumax_NUM","BASIC_no_workers_NUM","BASIC_STRESSLEVEL_verymucherpal_some","OUT_SOWmortpro","OUT_SOWmortdic","OUT_SOWtotremoproNUM","OUT_SOWtotremdic","EMENKUOLLP","EMENKUOLLJAKO","EMENPOISP","EMENPOISJAKO","OUT_SOWcullproNUM","OUT_SOWculdic","OUT_JOINTproNUM","OUT_ABSproNUM","OUT_PLEURproNUM","OUT_PNEUMproNUM","OUT_LIVERproNUM","OUT_ORGANproNUM","OUT_SHOULDERproNUM","OUT_ALLproNUM","OUT_PARTproNUM","OUT_ANYproNUM","MG_SOWSperworker","Lihasikojatontilla_per_emakko","Ensikoiden_osuus","SQRT_EMKUOLLPR","LG10_EMPOISPR","SQRT_EMENSKUOLLPR","LG10_EMENSKUOLLPR","LG10_EMENSPOISPR","NIVEL_01","PAISE_01","MAKUU01","OUT_ALL_01","OUT_PART_01","OUT_ANY_01","PLEUR_01","PNEUM_01","BASIC_SOWSREG_NUM","EMENS_REKIST","ENS_REKIST","ENSPROS_REKIST","B_EXT_BIOSEC_SCORE_NUM","B_INT_BIOSEC_SCOREB_NUM","ta.rkea.toireet_kpl","SQRT_PAISEPROS","SAIRKARS_AST_TII","SQRT_JOKUHYLK","SQRT_OSAPROS"
"",1,2,"ALHONMAATILA","piglet",600,150,0,0,4,2,3,"liq",1,1,2,1,1,"1","0",1,1,1,1,1,1,1,0,0,0,0,"no",1,1,1,1,1,"yes",1,12,1,1,"no","catpois","yes","yes","yes","yes",0,"yes",1,1,1,1,1,0,0,0,0,"2,4",1,"3","0",1,1,2,2,1,1,1,1,0,1,1,1,1,"1,5","1,5","100","3,5",1,"OX_FARNSAIDS",0,1,0,1,"Syo ma tto myyt erit kesa lla ",90,1,4,0,"0","7",NA,"8",NA,1,"0","0","1",99,0,"0","1","1","2",1,28,1,28,NA,"1",6,2,6,3,"STR","10","1","0,8","0,5","2,5","50","50","WASH_GLO_LUBR","1","0,5","1","9","7-14",2,1,2,2,">100",0,NA,"","","","2,35","0,65","1,5275",2.35,0.65,1.53,3,NA,0,0,"",1,NA,NA,NA,NA,"19","",NA,"bet",NA,12,80,NA,NA,NA,0,NA,4,"0",NA,"0","",NA,3,0,2,0,0,0,30,"","","","","","","",4,"1","0",1,"","",0,0,2,20,"e",1,"0,9","","",0,6,"48",6,"8","6","4","3,0","3,0",NA,"","","",2,24,0,0,"",0,0,0,NA,NA,17,NA,0,1,NA,12,70,NA,NA,NA,0,"",0,NA,1,1,"",0,NA,"","",2,2,2,0,1,0,10,0,3,"1.0000000000000000",0,1,"","5.500",0,0,1,20,"e",0,"0,9","",6,28,"2,4","2","2.400",".900","4,8","2.1600000000000000",1,0,"",1,1,0,0,0,19,NA,0,23,2,0,NA,NA,NA,0,0,"",4,NA,0,0,"",0,0,"","","",0,0,2,0,0,"",10,NA,NA,NA,1,NA,"4.750",0,1,1,10,0.01,"150",18,17,"NSAIDS_PEN","2,86",3,"1",0,"0","0","0",4,5,5,4,"some",5,0,34,0,"4,41",0,28.74,0,29,0,2,7,2,2,0,1,4,2,13,19,150,0,"0,3",2.29,1.53,2.1,0.64,1.46,2,2,2,2,2,2,0,2,631,748,116.92,15.63,10,8,7,2.67,0,4.39,3.55
"Emakot. ensikot: 37/38 kpl mutta epa selva a  montako em/ens.",2,2,"AALTO","int",37,38,250,0,1,2,3,"liq",0,0,0,1,0,"1","1",1,1,1,1,1,1,1,0,1,0,0,"no",0,1,1,1,0,"yes",0,1,1,1,"yes","catpois","yes","yes","no","yes",0,"yes",1,1,1,1,0,0,0,0,0,"2,3",2,"3","0",12,1,2,3,1,0,0,0,0,0,0,0,0,"0","0","2","100",1,"no",1,0,0,0,"Va ha n ylimalkaisesti hoidetaan (ell). ongelmana valuttelu johon nyt rutiinila a kitys",100,1,0,0,"1","6",1,"7",1,12,"1","0","0",98,0,"8","2","1","2",1,0,1,28,NA,"1",5,0,1,2,"STR","3","0","0,5","0,5","4","20-50","20","WASH_HANDWASH_GLO_LUBR","0","1","1","5","7-14",2,1,NA,NA,"all",1,NA,"","","3,14814814814815","","","group",NA,NA,NA,1,NA,1,1,"",0,NA,NA,NA,NA,"0","8",NA,"bet",NA,13,80,NA,NA,NA,1,NA,2,"1",NA,"0","",NA,2,1,1,0,0,1,0,"n","y","y","y","y","y","y",1,"1/27","0",1,"1/7","6",0,0,1,0,"e",0,"0,15","","0,85",0,1,"27",1,"27","6,1","9,5","3,1","2,1",1,"","","",1,6,1,1,"krp  ",0,0,0,0,0,19,8,0,1,NA,13,80,0,44,0,1,"heina ",2,NA,1,12,"",0,NA,"","1",2,1,1,0,0,1,0,0,1,".0370370370370370",0,1,".1481481481481481","6",0,0,1,0,"e",0,".1500000000000000",".8500000000000000",1,10,"2.300","2.000","2.400",".900","4.6000000000000000","2.1600000000000000",1,0,"",0,0,0,0,0,18,8,0,1,1,100,0,0,NA,1,14,"",3,100,1,124,"",0,NA,"","","1",2,1,1,0,0,"1",30,NA,1,0,1,NA,"7.625",0,0,1,20,0.03,"37",14,13,"0","4",4,"2",NA,"group","3","2",3,15,25,2,"some",5,0,38,0,"5,07",0,35.52,0,33,0,0,0,0,0,0,0,8,0,0,8,NA,7,"1,0",2.33,1.58,2.25,0.71,1.55,1,1,2,1,1,1,0,1,37,39,2.67,6.77,8,6,0,0,1,2.77,0
"",3,2,"CITYPORK","int",300,100,300,0,4,1,3,"liq",1,1,2,1,1,"0","0",1,1,0,1,0,1,1,0,1,0,0,"no",0,0,1,0,0,"no ",1,1,1,1,"yes","catpoistrap","yes","yes","no","yes",0,"no",1,1,1,1,0,0,0,0,0,"2,4",2,"3","2",13,1,1,4,1,0,0,0,0,1,0,0,0,"0,5","0,5","5","5",1,"_FARNSAIDS",0,0,0,1,"",95,1,0,1,"0","7,5",1,"8",3,12,"1","5","1",100,95,"0","10","1","2",1,2.5,1,22,8,"2",4,2,4,2,"STR_CUT","2","0","0,5","2","0,5","<6","5","WASH_GLO_LUBR","1","0,5","1","4","<7",12,1,NA,NA,"all",18,11,"6,8","7,2","4,45090909090909","2,56","0,6","1,536",NA,NA,NA,3,NA,0,1,"",0,NA,NA,NA,NA,"18","15",NA,"bet",NA,12,99,NA,NA,NA,12,NA,1,"y",NA,"0","",NA,1,1,1,0,0,1,0,"n","y","y","y","y","n","n",25,"1/27","0",1,"4/14","2,75",0,1,1,10,"e",0,"0","","0,7",1,1,"200",18,"12","6,8","7,2","4,1","4,1",0,"2.560",".590","1,5",12,5,0,1,"pa a skynen",0,0,0,0,0,18,15,0,1,NA,12,99,NA,NA,NA,1,"",1,NA,1,12,"",0,NA,"","1",1,1,1,0,0,NA,0,0,25,"1.0000000000000000",0,1,".2857142857142857","2.750",0,0,1,10,"e",0,".0000000000000000","0,9",4,15,"2.700","2.090","2.385",".781","5.6430000000000000","1.8626850000000000",0,1,"ka rp",0,0,0,0,0,24,15,0,123,12,50,50,0,NA,1,12,"",3,NA,1,13,"",0,NA,"","","1",2,2,1,0,0,"1",0,1,1,0,1,1,"3.000",0,0,1,0,0.01,"75",12,11,"NSAIDS_PEN","2,5",4,"2",NA,"group","3","2",2,18,30,3,"much",8,0,53,1,"5,7",0,39.9,0,45,1,0,5,5,3,2,3,2,2,5,11,100,1,"0,3",2.75,1.72,2.39,0.76,1.6,1,1,1,2,1,1,0,2,317,421,103.75,24.64,8,1,1,2.17,NA,3.31,2.17
"",4,1,"EK-PORSAS","piglet",550,0,0,0,6,2,4,"liq",0,1,2,1,1,"1","0",1,NA,1,1,1,1,1,1,1,0,0,"yes",1,0,0,1,0,"yes",1,1,1,1,"no","poistrap","no","no","no","no",1,"no",0,1,1,1,0,0,0,0,0,"2,3",2,"3","7",NA,0,0,4,0,1,1,0,1,1,1,0,0,"0,6","0","5","4,5",1,"OX_PPAB",1,1,0,0,"",0,0,7,0,"0","7,5",0,"7,5",3,3,"1","0","1",100,0,"10","10","1","2",1,35,NA,28,NA,"1",7,2,7,2,"heiina ","2","1","0,8","0,5","3,5","20-50","25","WASH_HANDWASH_GLO_LUBR","2","0,5","3","25","<7",2,1,2,1,"50-100",1,NA,"","","","2,375","0,66","1,5675",2.38,0.66,1.57,3,NA,0,0,"",1,NA,NA,NA,NA,"26","25",NA,"betmet",NA,12,80,NA,NA,NA,0,NA,0,"0",NA,"0","",NA,3,NA,2,0,0,1,20,"y","y","y","n","y","y","y",4,"1","0",1,"1.0000000000000000","2.500",0,0,1,10,"e",0,"0,2","","",0,5,"60",3,"20","6,4","8","2,6","2,6",NA,"2,3",".750","1,9",13,15,1,0,"",1,1,0,NA,NA,25,25,0,1,NA,13,40,NA,NA,NA,0,"",0,NA,0,0,"",0,NA,"","",0,0,2,0,0,NA,20,1,4,"1.0000000000000000",0,1,".1500000000000000","4.300",0,0,1,20,"e",0,"0,1","",4,40,"2,6","1,5","2.300",".750","3,9","1.7249999999999999",1,0,"",0,0,0,0,0,26,25,0,12,12,60,NA,NA,NA,1,25,"",3,NA,1,2,"",0,0,"","","ei",2,3,2,0,0,"",20,NA,NA,0,1,1,"9.000",0,NA,1,10,0.01,"92",16,17,"NSAIDS3","3",0,"0",NA,"noinfo","3","2",3,11,20,4,"average",27,1,57,1,"23,72",1,50.24,1,30,0,3,5,4,0,7,3,3,1,7,20,138,0,"0,0",5.17,1.75,4.87,1.38,1.7,2,1,1,1,1,2,0,1,504,569,64.83,11.39,8,8,5,2.32,NA,4.5,2.73
"",5,2,"Emomylly","piglet",2100,710,0,6,4,NA,NA,"",1,1,2,1,1,"0","0",1,1,1,1,1,1,0,0,1,0,1,"no",0,1,1,1,1,"yes",1,1,0,1,"","pois","yes","no","yes","no",1,"no",1,1,1,1,0,0,0,0,0,"2,3",1,"3","1",NA,0,0,3,1,1,0,0,0,1,1,0,0,"0,2","0,2","40","7,5",1,"OX_IND",0,1,1,0,"",0,0,3,1,"1","7",1,"8",3,1,"1","1","1",100,50,"0","15","1","2",1,NA,NA,28,10,"2",7,2,2,3,"_NWS","10","0","1","1","noinfo","noinfo","noinfo","_GLO_LUBR","2","1","4","50","<7",1,1,NA,NA,"noinfo",NA,NA,"","","","2,5","0,7","1,75",2.5,0.7,1.75,3,2,0,0,"",1,NA,NA,NA,NA,"19","24",NA,"bet",NA,13,70,NA,30,NA,0,NA,0,"0",NA,"1","",0,0,1,2,0,0,1,40,"1","1","1.0","1","1.0","1","1",4,"","1",1,"1.0000000000000000","3.500",1,1,1,NA,"e",0,"1","","",0,NA,"365",2,"12","6","7,6","3,8","3,8",NA,"2.500",".800","2,0",2,1245,0,0,"",1,1,0,NA,NA,18,24,0,1,NA,13,70,NA,25,NA,0,"",0,NA,1,2,"",0,NA,"","1",1,1,2,0,0,1,NA,0,5,"1.0000000000000000",0,1,".0830000000000000","5.500",0,0,1,20,"0",0,"","",12,24,"2,7","1,9","2.400",".750","","1.7999999999999998",0,1,"karp",0,0,0,0,0,23,24,0,23,12,10,90,NA,NA,0,0,"0",4,0,1,5,"",1,4,"4","muovilarpake","1",2,3,2,0,0,"1",20,NA,NA,0,1,1,"6.000",0,0,1,15,0,"525",15,16,"3","4",1,"2",1,"1","2","2",5,10,25,6,"much",10,1,65,1,"8,61",1,56.05,1,55,1,2,11,29,1,0,0,6,2,15,45,350,0,"0,3",3.15,1.81,2.93,0.94,1.75,1,2,2,2,2,2,1,2,2043,2357,314.08,13.33,7,6,3,3.36,NA,6.71,3.84
"",6,1,"HARVANMaKI","int",60,30,130,0,2,2,3,"liq",1,1,2,1,0,"0","1",1,1,0,1,0,1,1,0,0,0,0,"no",0,0,1,1,0,"yes",1,0,0,0,"no","pois","yes","no","no","yes",0,"yes",1,1,1,1,0,0,0,0,0,"2",3,"3","0",14,1,1,1,1,1,1,0,0,0,1,0,0,"0","0","0,5","0,25",1,"OX_FARNSAIDS",0,1,0,1,"",100,1,0,0,"0","7,5",1,"9,5",4,12,"1","0","1",90,0,"10","0","0","2",1,NA,1,NA,NA,"0",7,2,0,2,"STR_CUT","8","0","1,5","2,5","2","10","10","WASH_HANDWASH_GLO_LUBR","1","no","0","0","7-14",2,1,NA,NA,"20-50",NA,NA,"","","","","","group",NA,NA,NA,1,NA,0,0,"",0,NA,NA,NA,NA,"23","",NA,"bet",NA,1,100,NA,NA,NA,14,NA,1,"1",NA,"0","",NA,1,1,1,0,0,0,0,"","","","","","","",4,"1","0",1,"","6.125",0,NA,1,20,"e",0,"0,05","","",1,1,"32",6,"6","7,5","3,5","4,4","",NA,"2.000","0,6","0,0",1,0,0,1,"krp  ",0,0,0,NA,NA,23,NA,0,1,NA,1,100,NA,NA,NA,1,"",1,NA,1,1,"",0,NA,"","",1,1,1,0,0,NA,0,1,4,"1.0000000000000000",0,1,"","6,125",0,NA,1,20,"e",0,"","",2,18,"4","2","2,6","0,8","8",".0000000000000000",1,1,"krp",0,0,0,0,0,26,NA,0,1,1,100,NA,NA,NA,1,1,"",2,60,1,1,"",0,NA,"","","",2,2,1,0,0,"",0,1,1,0,1,NA,"2,3",0,NA,1,20,0.03,"30",12,11,"0","3",NA,"noinfo",NA,"noinfo","","",3,32,47,2,"some",0,0,64,1,"",NA,NA,NA,64,1,NA,NA,NA,NA,NA,NA,NA,NA,NA,NA,30,2,"0,5",0,1.92,NA,NA,NA,NA,NA,NA,NA,NA,NA,NA,NA,44,63,18.58,29.73,8,3,3,NA,NA,NA,NA
"",7,2,"MIKKOLA","int",230,80,450,0,2,2,4,"liq",0,0,0,1,1,"0","1",1,1,1,1,1,1,0,0,1,0,0,"no",0,1,1,0,0,"no ",0,1,1,1,"no","poistrap","yes","no","no","no",1,"no",0,1,1,1,0,0,0,0,0,"2,4",3,"3","2",1,1,0,3,1,0,0,0,0,0,0,1,0,"0","1,5","30","30",0,"no",0,0,0,0,"a kkikuolemia",100,1,0,1,"0","7",1,"8",NA,3,"1","3","1",98,0,"80","0","0","2",1,26,1,NA,NA,"0",3,2,3,3,"STR","9","0","1","1","3","15","15","_GLO_LUBR","2","0,5","1","10","7-14",12,1,2,1,"20-50",NA,NA,"","","","2,3","0,75","1,725",NA,NA,NA,3,NA,1,1,"",0,NA,NA,NA,NA,"19","",NA,"betmet",NA,12,80,NA,NA,NA,1,NA,3,"0",NA,"0","",NA,3,0,2,0,0,1,20,"y","y","y","y","y","y","y",4,"1","0",1,"","9.500",0,NA,2,30,"e",0,"0,2","","",0,1,"120",6,"20","7,2","6,5","2,3","2,3",NA,"2.500",".750","1,9",2,5,1,0,"",1,1,0,NA,NA,19,NA,0,1,NA,13,80,NA,NA,NA,0,"",0,NA,1,1,"",0,NA,"","0",2,1,2,0,0,NA,0,1,4,"1.0000000000000000",0,1,"1.0000000000000000","8.800",0,NA,1,20,"e",0,"0,2","",4,18,"2,4","1,8","2.400",".900","4,32","2.1600000000000000",0,0,"",1,1,0,0,0,23,NA,0,23,12,10,NA,NA,NA,1,1,"",3,NA,1,1,"",0,NA,"","","",2,2,2,0,1,"",0,NA,NA,0,1,NA,"5.250",0,NA,1,30,0.01,"115",12,13,"0","2,25",2,"1",3,"1","3","2",5,25,40,3,"some",17,1,47,1,"13,75",1,38.71,0,30,0,3,14,10,1,1,0,7,7,16,32,77,2,"0,4",4.07,1.67,3.71,1.14,1.59,2,2,2,2,2,2,1,2,230,276,46.58,16.85,6,5,1,3.81,1,5.65,3.99
"",8,2,"Rantaheikkila","piglet",200,30,0,0,NA,2,3,"liq",0,0,0,0,1,"1","0",1,0,0,1,0,1,0,0,0,0,0,"no",0,0,1,1,0,"yes",1,1,1,1,"yes","catpois","no","no","no","no",1,"no",1,1,1,1,0,0,0,0,0,"2,3",1,"3","0",13,1,1,1,0,1,1,0,0,1,1,0,0,"0,5","0,5","1","1",1,"_FARNSAIDS",0,0,0,1,"",0,0,5,0,"1","7",NA,"8",3,2,"1","3","0",100,0,"5","5","1","2",1,35,1,35,NA,"1",5,0,2,1,"STR_NWS","6","1","0,3","0,8","4","20-50","20","_GLO_LUBR","1","1","3","43","<7",NA,0,2,2,"50-100",0,NA,"","",".0000000000000000","2,4","0,77","1,848",2.4,0.77,1.85,3,4,0,1,"ka rp",1,1,0,0,0,"17,15","2",0,"bet",NA,13,90,41,0,0,1,NA,2,"1",NA,"1","ketju",1,2,1,2,1,0,1,30,"1","y","y","y","y","y","y",4,"1","1",1,"1.0000000000000000","8.250",1,0,1,30,"e",0,"0,6",".6000000000000000","1.7000000000000000",0,2,"60",10,"7","7,5","5,2","5,6","2,3",0,"2.600",".600","1,6",1,5,0,0,"",0,0,0,0,0,12,2,0,1,NA,1,100,0,0,0,1,"",1,100,1,1,"",0,NA,"","1",1,1,1,0,0,1,0,0,5,"1.0000000000000000",0,1,"1.0000000000000000","5.000",0,0,1,10,"e",0,".6000000000000000",".7000000000000000",2,40,"2.700","1.950","2.250",".700","5.2650000000000010","1.5750000000000000",1,1,"ka rp",0,0,0,0,0,20,2,0,12,12,60,10,0,NA,1,12,"",2,80,1,16,"puulastu",0,NA,"","","1",2,3,2,0,0,"0",NA,NA,1,1,1,1,"10.750",0,0,1,10,0.01,"200",8,9,"0","2",4,"2",4,"3","4","2",3,6,13,2,"some",13,1,44,0,"11,94",1,38.42,0,31,0,4,0,1,0,0,0,0,0,4,4,100,0,"0,2",3.66,1.64,3.45,1.08,1.58,2,1,1,1,1,1,0,1,232,268,36.5,13.62,4,4,4,0,1,2.06,2.06
"",9,1,"HOKUNI","int",100,0,500,0,2,3,2,"sol",0,0,0,1,0,"1","0",1,NA,1,NA,1,1,1,0,0,0,NA,"no",0,1,1,1,0,"no ",0,1,1,1,"no","pois","yes","no","no","no",1,"no",2,1,1,1,0,0,0,0,0,"2,4",2,"3","0",1,1,2,3,0,0,1,0,0,1,0,0,0,"0","0","0","0",0,"no",0,0,0,0,"",90,1,7,0,"1","7",NA,"8",2,1,"1","0","1",98,0,"0","0","0","2",1,4,NA,28,NA,"1",5,0,5,2,"STR","4","0","1,3","0,5","2,5","<6","1","WASH_GLO_LUBR","2","0,5","2","12","<7",NA,0,1,1,"20-50",0,NA,"","",".0000000000000000","2,35","0,75","1,7625",2.35,0.75,1.76,3,NA,1,0,"0",0,0,0,0,0,"26","25",0,"bet",NA,13,80,NA,NA,NA,0,NA,4,"0",NA,"0","",NA,3,NA,2,0,0,0,10,"","","","","","","",4,"1","0",1,"1.0000000000000000","7.750",0,0,1,10,"e",0,"0,2",".2000000000000000",".5000000000000000",1,1,"66",4,"16","8,6","6,5","3,5","3,4",0,"2.400",".600","1,4",14,5,1,0,"",0,0,0,0,0,28,25,0,1,NA,13,67,NA,NA,NA,1,"",3,NA,1,1,"",0,NA,"","e",2,4,2,0,0,0,20,1,4,"1.0000000000000000",0,1,".1200000000000000","4.000",0,0,1,20,"e",0,".0000000000000000",".4000000000000000",2,16,"2,65","1,7","2.400",".850","4,505","2.0400000000000000",0,0,"",0,0,0,0,0,27,25,1,12,12,55,0,0,NA,1,1,"",3,20,1,1,"",0,0,"","","ei",2,4,2,0,0,"1tarv.porskarsinaan",30,NA,NA,0,1,NA,"7.750",0,0,1,30,0.02,"50",10,11,"NSAIDS_PEN","2",2,"1",2,"1","2","1",3,6,11,2,"average",0,0,24,0,"",NA,NA,NA,24,0,NA,NA,NA,NA,NA,NA,NA,NA,NA,NA,50,5,"0,0",0,1.8,NA,NA,NA,NA,NA,NA,NA,NA,NA,NA,NA,94,100,5.67,5.69,NA,6,2,NA,0,NA,NA
"",10,2,"HONKARANTA","piglet",420,30,10,0,2,2,3,"",1,0,1,1,0,"1","1",1,1,1,0,1,1,1,1,1,0,0,"no",0,1,1,1,0,"yes",0,1,0,1,"no","pois","yes","no","no","yes",0,"no",1,1,1,1,1,0,0,0,0,"2,4",1,"3","0",14,1,1,2,1,0,0,0,0,1,1,0,1,"0,25","0,25","25","7,5",1,"OX",0,1,0,0,"Huono kasvu va likasv",0,0,0,1,"0","7",2,"8",3,1,"1","1","1",100,0,"2","3","1","2",1,24,NA,25,NA,"1",5,2,3,2,"_NWS","5","0","1","0,5","8","50","50","WASH_HANDWASH_GLO_LUBR","2","1","4","50","<7",2,1,2,1,">100",0,NA,"","","","2,5","0,75","1,875",2.5,0.75,1.88,3,5,1,1,"ka rp",0,0,0,0,0,"24,5","25",0,"betmet",NA,12,80,20,0,0,0,NA,4,"0",NA,"0","",NA,3,0,2,0,0,1,20,"0","0",".0","1","1.0","0","0",4,"1","0",1,"1.0000000000000000","6.250",0,0,1,NA,"e",0,"0,3",".0000000000000000","1.5000000000000000",0,3,"72",2,"36","7,35","17","3,5","3,5",0,"2.000",".580","1,2",1,5,1,1,"ka rp",0,0,0,0,0,25,25,0,1,NA,1,100,0,0,0,1,"",1,NA,1,14,"",0,NA,"","1",1,1,1,0,0,NA,20,1,4,"1.0000000000000000",0,1,".0555555555555556","6.300",0,0,1,10,"e",0,".7000000000000000",".6000000000000000",2,20,"2.800","1.900",".700","2.750","5.3199999999999990","1.9249999999999998",1,1,"ka rp",0,0,0,0,0,24,25,0,23,12,30,70,0,NA,1,5,"sanomalehti pesa ntekoon",4,0,1,5,"",0,NA,"","","1",2,3,2,0,0,"",NA,NA,NA,0,1,1,"5.000",0,0,1,NA,0,"210",15,14,"NSAIDS3","2",4,"2",0,"0","3","2",3,12,12,3,"verymuch",6,0,34,0,"5,89",0,31.92,0,28,0,1,5,1,1,0,0,8,3,15,18,140,0,"0,1",2.5,1.53,2.43,0.77,1.5,1,1,2,2,2,1,0,1,385,407,21.92,5.38,8,8,3,2.28,NA,4.27,3.84
"",11,2,"Isotalo","piglet",81,19,32,0,1,3,3,"sol",0,0,0,1,1,"0","0",1,1,0,1,0,1,1,0,0,0,0,"no",0,0,1,1,0,"yes",1,1,0,NA,"yes","catpoistrap","yes","no","no","yes",0,"yes",1,1,1,1,0,0,0,0,0,"2,1",2,"XMuuten. miten TILANTEEN MUKAAN 1- XKAPPALETTA SIIRRETa a N. MYo S ENSIKOITA SIIRRETa a N ONGELMITTA","0",12356,1,1,2,0,1,1,0,0,1,0,0,0,"3","2","100","1",1,"_FARNSAIDS",0,0,0,1,"utarehaavaumat",100,1,0,1,"1","6,5",NA,"9,5",4,12,"1","3","1",90,0,"0","5","1","2",1,21,NA,NA,NA,"0",3,0,3,1,"STR_CUT_NWS","1","1","0,8","0,75","3,5","6-20","10","WASH_HANDWASH_LUBR","1","1,5","2","10","7-14",1,1,1,1,"50-100",0,NA,"","","","2,3","0,66","1,518",2.3,0.66,1.52,3,NA,0,0,"",0,NA,NA,NA,NA,"16","",NA,"12",NA,12,80,NA,NA,NA,1,NA,2,"1",NA,"4","",NA,1,1,2,0,0,1,0,"n","y","y","y","y","y","y",4,"1","0",1,"","3.000",0,NA,1,20,"e",0,"0,15","","",1,1,"75",7,"8","6,9","3,75","3,2","3,2",NA,"2.250",".770","1,7",13,6,0,0,"",0,0,0,NA,NA,16,NA,0,12,NA,13,70,NA,NA,NA,1,"",2,NA,1,156,"",4,NA,"","0",1,1,2,0,0,1,0,1,4,"1.0000000000000000",0,1,"1.0000000000000000","2.800",0,NA,1,20,"e",0,"","",1,24,"1,8","2,6","2.250",".770","4,68","1.7325000000000000",0,0,"",0,0,0,0,0,21,NA,0,123,12,55,NA,NA,NA,1,12,"",1,100,1,156,"",1,2,"","","0",1,1,2,0,0,"",20,NA,NA,0,1,NA,"4.750",0,NA,1,NA,0.01,"81",10,9,"NSAIDS_PEN","3",4,"3",4,"3","0","",3,30,30,2,"verymuch",9,0,38,0,"7,84",0,31.35,0,29,0,0,4,11,0,0,0,7,0,4,19,41,0,"0,2",2.95,1.58,2.8,0.89,1.5,1,1,2,1,1,1,1,1,92,115,22.83,19.88,6,2,3,1.92,1,4.3,1.92
"",12,2,"JOKELA","int",220,20,94,0,2,2,4,"liq",1,0,1,1,1,"1","1",1,1,0,1,0,1,0,1,1,0,0,"no",0,1,1,1,0,"yes",1,1,1,1,"no","catpois","yes","no","no","yes",0,"no",1,1,1,1,1,0,0,1,0,"2,3",1,"3","0",NA,0,1,4,1,0,1,0,0,1,1,0,1,"1","0,75","6","0,5",0,"no",0,0,0,0,"",70,1,7,1,"0","8",1,"9",2,1,"1","0","1",100,0,"10","0","0","2",1,24,0,28,NA,"1",4,0,4,2,"_NWS","3","0","1","0,75","2","6-20","15","_GLO_LUBR","2","1","1","7,5","<7",2,1,2,1,"50-100",72,NA,"","",".0000000000000000","2,255","0,724","1,63262",2.26,0.72,1.63,3,NA,1,1,"ka rp",1,1,0,0,0,"19,6","",0,"betmet",NA,12,80,25,0,0,0,0,4,"1",NA,"0","",1,2,3,2,0,0,1,NA,"n","y","n","n","y","y","y",4,"1","0",1,"1.0000000000000000","5.375",0,0,1,NA,"e",1,"1,2","1.2727272727272727","1.0000000000000000",0,1,"80",8,"10","8","3,34","2,7","2,7",NA,"2,324","0,741","1,7",2,6,0,0,"",1,1,0,0,0,17,NA,0,1,NA,13,65,NA,NA,NA,0,"",0,NA,1,1,"",0,NA,"","1",2,3,2,0,0,1,100,0,5,"1.0000000000000000",0,1,"1.0000000000000000","3.800",0,0,1,40,"e",1,".5333333333333333",".2666666666666667",5,12,"2,54","1,675","2.186",".749","4,2545","1.6373140000000000",1,1,"ka rp",0,0,0,0,0,21,NA,0,1235,12,20,80,0,NA,0,0,"",4,NA,1,5,"",1,2,"possuilla","","1",2,2,2,0,1,"",10,NA,1,0,1,1,"11.000",0,0,1,10,0.01,"110",15,14,"NSAIDS_PEN","2",2,"1",2,"1","2","2",2,5,10,2,"verymuch",5,0,41,0,"5,06",0,37.96,0,36,0,3,15,1,1,0,6,3,0,35,35,110,0,"0,1",2.34,1.61,2.25,0.7,1.58,2,2,1,1,2,2,0,2,219,237,18.5,7.8,8,7,4,3.92,1,5.88,5.88
"",13,2,"KOUVO","int",750,400,3000,3,2,2,3,"liq",1,0,1,1,1,"0","1",1,1,0,1,1,1,1,0,0,0,0,"no",0,1,1,1,1,"yes",1,1,1,1,"no","catdogpois","yes","yes","no","yes",0,"yes",0,1,1,1,1,1,0,0,0,"2,3",1,"3","0",1,1,0,4,0,1,0,0,0,0,0,0,0,"","","","",0,"no",0,0,0,0,"",0,0,4,0,"1","6",1,"8,5",3,1,"1","0","1",100,100,"0","10","1","2",1,28,NA,25,NA,"1",3,2,1,3,"no ","noinfo","noinfo","noinfo","noinfo","noinfo","noinfo","noinfo","","noinfo","noinfo","noinfo","noinfo","3",NA,0,2,1,"20-50",0,NA,"","",".0000000000000000","2,25","0,8","1,8",2.25,0.8,1.8,3,4,1,1,"ka rp",1,1,0,0,0,"22,5","19",0,"betmet",NA,12,75,33,0,0,0,0,4,"0",NA,"1","ketju",1,NA,NA,2,0,0,0,NA,"","","","","","","",4,"1","1",1,"1.0000000000000000","",0,1,1,20,"e",0,"1,8","1.8000000000000000","1.8000000000000000",0,6,"50",18,"18","7,7","4,7","2,0","2,0",0.5,"0","0","0,0",2,125,1,1,"ka rp",1,1,0,0,0,21,NA,0,1,NA,12,72,28,0,0,0,"",0,NA,0,0,"",4,NA,"kanisterit","1",0,NA,2,1,1,NA,80,0,3,"1.0000000000000000",0,1,".2000000000000000","1.000",0,0,1,80,"e",0,"1.4000000000000000","1.0000000000000000",8,12,"2,6","1,85","2.400",".750","4,81","1.7999999999999998",1,1,"hiiria . ka rpa sia ",0,0,0,0,0,26,NA,0,12,12,50,50,0,NA,1,2,"",3,20,1,3,"",1,4,"","ketju","1",2,3,2,0,0,"",NA,NA,NA,0,1,NA,"1.000",0,1,1,80,0,"a",14,13,"0","",1,"1",1,"1","3","2",3,6,8,7,"average",10,1,79,1,"7,84",0,63.39,1,70,1,4,6,26,1,1,1,7,5,10,44,107,4,"0,5",3.13,1.9,2.8,0.89,1.8,2,1,2,2,1,2,1,1,825,1033,208.17,20.15,6,6,1,2.4,NA,6.61,3.23
"EI Ha KKEJa  TIINEYTYKSESSa . EI JOUTILAILLA",14,2,"Jarvenmaa","int",53,1,56,0,1,2,2,"sol",1,1,2,1,1,"1","0",1,1,1,1,0,1,0,1,1,1,NA,"yes",1,0,1,1,0,"yes",1,1,1,1,"no","poistrap","yes","no","no","yes",0,"no",1,1,1,1,0,0,0,0,0,"2,4",3,"3","0",123,1,1,4,0,1,0,0,0,0,0,0,1,"2","2","100","3",1,"_FARNSAIDS",0,0,0,1,"",0,0,6,1,"0","7",1,"8",3,12,"1","7","0",100,0,"5","5","1","2",1,NA,1,28,NA,"1",7,2,7,1,"STR","1","0","0,8","0,5","3","6-20","10","WASH_GLO_LUBR","1","0,5","1","2","<7",2,1,NA,NA,"all",4,6,"7,15","3,42","3,42","2,15","0,53","1,1395",NA,NA,NA,12,NA,1,0,"",1,NA,NA,NA,NA,"22","",NA,"bet",NA,1,100,NA,NA,NA,125,NA,1,"1",NA,"0","",NA,1,1,1,0,0,1,0,"y","y","y","y","y","y","y",3,"1/3","0",1,"2/3","8,125",0,0,1,10,"e",0,"0,3","","0,7",0,1,"24",4,"6","7,15","3,42","4,1","2,4",NA,"2.150",".530","1,1",12,15,1,0,"",1,1,0,NA,NA,22,NA,0,1,NA,1,100,NA,NA,NA,1,"",1,NA,1,123,"",0,NA,"","",1,1,1,0,0,1,0,0,34,"2/3",0,1,".6700000000000000","8.500",0,0,1,10,"e",0,"0","0,4",1,12,"1,9","3,75","","","7,125","",0,0,"",0,0,0,0,0,22,25,0,1,1,100,NA,NA,NA,1,12,"",1,NA,1,13,"",0,NA,"","","",1,1,1,0,0,"",0,NA,NA,0,1,1,"8.500",0,0,1,0,0.02,"53",16,15,"0","2,25",4,"3",NA,"group","4","2",3,28,28,2,"some",8,0,35,0,"",NA,NA,NA,27,0,NA,NA,NA,NA,NA,NA,NA,NA,NA,NA,27,1,"0,0",2.8,NA,NA,NA,NA,NA,NA,NA,NA,NA,NA,NA,NA,51,100,49,48.96,8,6.5,2,NA,1,NA,NA
"",15,2,"JUUSTI","int",570,100,3000,0,6,NA,NA,"",0,0,0,0,0,"0","1",1,1,0,NA,0,1,0,0,1,0,0,"no",0,0,1,0,0,"yes",1,1,1,1,"yes","catpois","yes","no","no","yes",0,"no",1,1,1,1,1,0,0,0,0,"2,3",1,"3","0",16,1,0,4,1,1,0,0,0,1,0,0,0,"0","0","6","6",0,"no",0,0,0,0,"",100,1,0,0,"0","6",0,"8",3,1,"1","4","1",100,0,"0","5","1","2",0,35,1,NA,NA,"0",5,0,5,2,"STR_CUT","5","0","1","0,75","3","6-20","10","_GLO_LUBR","2","0,5","1","5","<7",12,1,2,1,"50-100",0,NA,"","",".0000000000000000","2,65","0,75","1,9875",2.65,0.75,1.99,3,5,1,1,"hiiret. ka rpa set",1,1,0,0,0,"18,75","10",1,"bet",NA,13,70,0,30,0,1,3,3,"1",NA,"1","kettinki",1,2,1,2,0,0,1,40,"1","0",".0","0",".0","1","1",4,"4","1",1,"1.0000000000000000","4.000",0,0,1,35,"e",0,"0",".0454545454545455","1.6190476190476190",0,2,"75",10,"7","5,5","3,9","3,1","3,1",0,"2.400",".750","1,8",2,5,1,1,"hiiret. ka rpa set",0,0,0,0,0,21,10,0,1,NA,13,50,0,50,0,1,"",3,NA,1,1,"",4,NA,"kettinki","1",2,1,2,0,0,1,20,1,4,"1.0000000000000000",0,1,"1.0000000000000000","4.500",0,2,1,0,"e",0,".0000000000000000",".5294117647058824",2,75,"2.500","2.000","2.400",".750","5.0000000000000000","1.7999999999999998",0,1,"ka rp",0,0,0,0,0,22,10,1,12,12,50,50,0,NA,1,12,"2",2,80,1,13,"puru",1,4,"kettinki","1","2",2,1,2,0,0,"0",20,NA,NA,0,1,1,"13.500",0,0,1,20,0.01,"95",7,6,"NSAIDS_PEN","2",3,"3",2,"2","1","1",3,30,40,4,"some",9,0,50,1,"7,72",0,44.41,1,42,1,2,4,2,0,0,0,1,1,8,8,143,5,"0,2",2.96,1.7,2.78,0.89,1.65,1,1,1,1,1,1,0,1,684,777,93.17,11.99,4,3,2,1.96,0,2.91,2.77
"",16,2,"Toivolantila","int",40,20,190,0,1,2,2,"solid",1,1,NA,1,1,"1","0",1,NA,0,NA,0,0,1,0,1,1,0,"yes",0,0,1,1,0,"yes",0,NA,2,NA,"yes","pois","yes","yes","no","no",1,"no",0,1,1,1,1,0,0,0,0,"1",3,"3","0",2,1,2,2,0,0,1,0,0,1,1,0,0,"0","0","0","0",0,"no",0,0,0,0,"",0,0,7,0,"0","6",2,"8",3,1,"1","0","0",100,0,"0","10","1","2",1,28,0,NA,NA,"0",7,0,7,2,"STR","0","0","0","0","0","6-20","10","_GLO_LUBR","2","2,5","1","4,5",">20",2,1,1,1,"all",NA,NA,"","","","2,3","0,7","1,61",2.3,0.7,1.61,3,NA,0,1,"",1,NA,NA,NA,NA,"17","18",NA,"bet",NA,13,80,NA,NA,NA,25,NA,3,"1",NA,"0","",NA,2,3,2,0,0,1,30,"1","1","1.0","0","1.0","1","1",3,"1","no",1,"","3.750",0,0,1,30,"e",0,"0,272727272727273",".3000000000000000",".9 ",1,1,"10",1,"10","6,3","4","2,5","",NA,"","","",2,5,0,1,"krp lin",0,0,0,NA,NA,20,19,1,1,NA,13,43,NA,NA,NA,1,"",3,NA,1,2,"",0,NA,"","1",2,1,2,0,0,1,30,0,3,"",0,1,".1 ","4.800",0,0,1,30,"e",0,"0,44",".2 ",2,16,"3,3","1,9","2.100",".800","6,27","1.6800000000000002",0,1,"",0,0,0,0,0,19,18,1,123,12,60,NA,NA,NA,1,15,"",1,90,1,6,"",1,4,"","","2",1,2,2,0,0,"",40,NA,1,0,1,NA,"4.000",0,1,1,30,0.03,"40",7,8,"0","3",3,"3",3,"2","4","3",3,25,20,2,"average",4,0,26,0,"3,58",0,25.04,0,22,0,0,0,0,0,0,0,0,0,0,0,20,5,"0,5",1.92,1.41,1.89,0.55,1.4,1,1,1,1,1,1,0,1,54,56,1.5,2.68,5,4,3,0,1,0,0
"",17,2,"Lassas","int",150,20,500,0,1,2,3,"liq",0,0,0,0,0,"0","1",1,NA,1,NA,1,1,0,0,1,0,0,"no",0,0,1,1,1,"yes",0,1,0,1,"","pois","yes","yes","no","yes",0,"no",0,1,1,0,0,0,0,0,0,"2",3,"","0",1,1,1,3,0,1,0,0,0,1,1,0,0,"0,5","2,5","0,5","2",0,"no",0,0,0,0,"pikkuporsaskuolleisuus",0,0,3,0,"1","6,5",NA,"8",NA,1,"0","4","1",100,0,"10","10","1","2",0,31,NA,25,NA,"1",3,2,3,3,"STR_CUT","2","0","0,8","0,5","2","6-20","10","WASH_GLO_LUBR","2","0,5","2","10","<7",2,1,2,1,"20-50",0,NA,"","",".0000000000000000","2,4","0,65","1,56",2.4,0.65,1.56,3,1,1,0,"",0,0,0,0,0,"21","25",0,"bet",NA,13,80,0,20,0,12,NA,3,"1",NA,"0","",1,2,3,2,0,0,1,30,"1","1","1.0","1","1.0","1","1",4,"1","0",NA,"1.0000000000000000","6.750",0,0,0,30,"e",0,"0","","",0,1,"80",13,"7","5,35","3,7","2,8","2,8",0,"2.100",".510","1,1",13,5,1,0,"",0,0,0,0,0,21,25,0,1,NA,1,100,0,0,0,1,"",2,90,1,1,"",4,NA,"","1",2,1,2,0,1,NA,30,1,4,"1.0000000000000000",0,1,"1.0000000000000000","6.500",0,0,1,30,"e",0,"0","",1,40,"3,7","2,5","2.100",".800","9,25","1.6800000000000002",1,0,"",0,0,0,0,0,22,25,0,123,12,50,50,0,NA,1,2,"",2,100,1,1,"",0,NA,"","","1",2,3,2,0,1,"",20,NA,1,0,1,1,"",0,NA,1,50,0.01,"150",8,7,"NSAIDS_AMOX","1,67",4,"2",3,"2","4","2",3,40,40,2,"some",8,0,48,1,"6,24",0,38.59,0,40,1,2,7,14,2,0,0,7,5,16,33,75,3,"0,1",2.78,1.68,2.5,0.8,1.59,1,2,2,2,2,2,1,2,143,176,33.37,18.94,3,4,3,2.65,NA,5.77,3.97
"",18,2,"KONTIAINEN","piglet",40,11,12,0,1,2,3,"sol",1,1,2,1,0,"1","1",1,1,0,1,1,1,1,0,0,0,0,"no",0,0,0,0,0,"yes",0,0,1,0,"yes","pois","no","no","no","no",1,"no",0,1,1,2,0,0,0,0,0,"2,3",1,"3","0",2,1,0,2,1,1,0,0,0,1,0,0,1,"0","0","0","0",0,"no",0,0,0,0,"",100,1,0,0,"0","3",0,"8",3,NA,"1","1","0",100,0,"0","0","0","2",1,NA,1,NA,NA,"0",3,0,3,2,"STR","5","0","1,5","1,75","2,5","<6","1","WASH_HANDWASH_GLO_LUBR","2","2,5","1","1,5","7-14",3,0,1,2,"<20",6,2.5,"3.31","2.67","3.5350800000000000","","","group",NA,NA,NA,2,0,0,1,"ka rp",0,0,0,0,0,"21,5","",0,"bet",0,13,100,NA,NA,NA,1,3,3,"12",NA,"2","0",0,2,3,12,0,0,1,10,"0","",".0","0",".0","0","0",3,"½ ","0",1,"2.2500000000000000","5.875",0,0,1,0,"e",0,"0,15","","0,82",1,2,"14",6,"2,5","3,31","2,67","3,5","3,5",0,"","","",2,6,0,1,"ka rp",0,0,0,0,0,22,NA,0,1,NA,13,100,NA,NA,NA,1,"",3,NA,1,12,"",2,NA,"","",2,3,12,0,0,NA,10,0,3,"½ ",0,1,"2.2500000000000000","5.875",0,0,1,10,"e",0,"0,15","0,82",1,12,"2.835","2.459","2.005",".932","6.9712650000000000","1.8686600000000000",0,0,"",0,0,0,0,0,22,NA,0,1,1,100,0,0,NA,1,12,"1",1,NA,1,13,"",0,NA,"","","1",1,1,1,0,0,"",0,1,1,0,1,1,"7.625",0,0,1,0,0.03,"40",11,12,"NSAIDS","2,33",3,"3",3,"3","2","1",4,25,40,4,"average",2,0,31,0,"1,82",0,25.42,0,29,0,0,0,0,0,0,0,0,0,0,0,10,0,"0,3",1.48,1.49,1.35,0.26,1.41,1,1,1,1,1,1,0,1,46,55,9.5,17.25,8,4,3,0,0,0,0
"",19,2,"KURIKKAOJA","piglet",260,20,20,0,4,2,4,"liq",1,1,2,1,1,"1","1",1,1,1,1,1,1,1,0,1,0,1,"yes",0,1,1,1,1,"yes",0,1,1,1,"yes","catdogpoistrap","no","no","no","yes",0,"no",0,1,1,1,0,0,0,0,0,"2,4",2,"3","0",1,1,1,1,1,1,0,0,1,0,0,0,0,"1","1","18","18",1,"OX",0,1,0,0,"",100,1,0,0,"1","7",NA,"8",3,123,"1","2","0",100,0,"5","0","0","2",1,35,1,NA,NA,"0",7,2,7,3,"STR","3","1","0,8","1","4","20-50","20","_HANDWASH_GLO_LUBR","2","1","2","13","<7",NA,0,2,1,"50-100",NA,NA,"","","","3,2","1,1","3,52",NA,NA,NA,3,NA,0,0,"",0,NA,NA,NA,NA,"22","",NA,"betmet",NA,12,65,NA,NA,NA,5,NA,0,"1",NA,"3","",NA,2,3,2,0,0,1,20,"y","y","y","y","y","y","y",4,"0","0",3,"","",0,0,1,0,"e",0,"0,4","","",0,1,"100",1,"100","25","20","5,0","",NA,"","","",1,6,0,0,"",0,0,0,NA,NA,21,NA,0,1,NA,12,75,NA,NA,NA,1,"",1,NA,1,14,"",0,NA,"","",1,1,12,0,0,NA,0,0,1,"1.0000000000000000",0,1,"","7.000",0,0,1,40,"e",0,"0,4","",3,30,"3,5","2,5","3.100","1.000","8,75","3.1000000000000000",0,0,"",0,0,0,0,0,22,NA,0,23,12,10,NA,NA,NA,0,0,"",4,NA,1,1,"",1,3,"","","",2,3,2,0,1,"",10,NA,NA,0,1,NA,"12.500",0,NA,1,0,0.02,"65",16,15,"0","2,5",4,"3",2,"2","2","2",3,14,25,3,"verymuch",5,0,43,0,"4,16",0,33.56,0,38,1,2,4,1,0,0,2,2,1,8,11,87,0,"0,1",2.22,1.63,2.04,0.62,1.53,1,1,1,1,1,1,0,1,263,337,73.25,21.76,9.5,5.5,2,2.01,0,3.33,2.84
"",20,2,"ANTILA","piglet",105,20,30,0,1,2,3,"solid",0,0,0,1,1,"0","0",1,1,0,NA,1,1,1,0,1,0,0,"no",0,0,0,1,0,"no ",1,1,1,1,"no","poistrap","no","no","no ","yes",0,"no",1,1,1,1,0,0,0,0,0,"2,4",1,"3","0",1,1,1,3,2,0,1,0,1,1,0,0,0,"3,5","1","100","8",1,"_FARNSAIDS_COC",0,0,0,1,"",80,1,5,0,"0","0",NA,"7",3,1,"1","0","0",99,0,"5","5","1","2",1,NA,1,NA,NA,"0",6,2,4,2,"STR","9","0","1","1","3","6-20","10","WASH_GLO_LUBR","1","1","1","8","<7",2,1,2,1,"<20",1,NA,"4.40","7.00","3.0800000000000000","1,8","0,66","1,188",NA,NA,NA,13,NA,0,0,"",0,NA,NA,NA,NA,"17","",NA,"1",NA,12,60,NA,NA,NA,1,NA,3,"1",NA,"0","",NA,2,3,1,0,0,1,0,"y","y","y","y","y","y","y",4,"1","0",1,"1.0000000000000000","4.500",0,NA,1,0,"e",1,"0,1","","",0,1,"70",6,"20","7,1","11","3,9","1,5",NA,"1.800","0,47","1,2",1,5,0,0,"",0,0,0,NA,NA,17,NA,0,1,1,1,100,NA,NA,NA,1,"",1,NA,1,1,"",0,NA,"","",1,1,1,0,0,1,10,1,4,"1.0000000000000000",0,1,".1200000000000000","2.800",0,NA,1,10,"e",0,"","",2,24,"2","2,95","1.900",".600","5,9","1.1400000000000000",0,0,"",0,0,0,0,0,22,NA,0,13,12,60,NA,NA,NA,1,4,"",3,20,1,1,"",0,NA,"","","",2,3,1,0,0,"1",0,1,1,0,1,NA,"14.000",0,NA,1,30,0.01,"105",10,9,"NSAIDS_PEN","2,5",4,"2",2,"group","3","2",4,20,20,1,"some",7,0,45,0,"6,11",0,38.96,0,38,1,5,16,0,0,0,0,5,2,28,28,105,0,"0,2",2.64,1.65,2.47,0.79,1.59,2,2,2,2,2,2,0,1,114,131,16.5,12.6,6,3,3,4.03,0,5.28,5.28
"",21,1,"LATVALA","int",1000,156,0,0,6,2,4,"liq",1,1,2,1,1,"1","1",1,1,1,1,1,1,1,0,1,0,0,"no",0,0,0,1,0,"yes",1,1,0,1,"no","pois","no","no","no","no",1,"no",1,1,1,1,1,0,0,0,1,"2,3",2,"3","0",16,1,0,4,0,0,0,0,0,0,0,0,0,"","","","",0,"no",0,0,0,0,"",100,1,0,1,"0","7",1,"8",3,12,"0","3","0",100,90,"noinfo","noinfo","noinfo","2",1,4,NA,26,NA,"1",3,2,0,0,"0","9","0","1","1","noinfo","noinfo","noinfo","_GLO_LUBR","noinfo","1","2","20","<7",NA,1,2,1,"50-100",0,NA,"","",".0000000000000000","2,28","0,72","1,6416",2.28,0.72,1.64,3,NA,1,1,"ka rp",1,1,0,0,0,"21,725","",0,"bet",NA,13,50,0,50,0,0,NA,4,"0",NA,"1","ketju",1,2,1,2,0,1,0,0,"","","","","","","",4,"1","1",1,"","4.000",0,0,1,20,"e",0,"0,4","0,4","1,3",0,5,"84",12,"7","4,64","3,8","2,5","2,5",0,"","","",2,5,1,1,"ka rp",0,0,0,0,0,21,NA,0,1,NA,13,60,0,40,0,0,"",0,NA,0,0,"",4,NA,"ketju jossa muovila pysko ja ","1",0,1,2,0,0,NA,100,0,2,"1.0000000000000000",0,1,".1400000000000000","5.600",0,0,1,80,"e",1,"0,8","0,7",8,35,"2.540","1.900","2.400",".750","4.8260000000000000","1.7999999999999998",1,1,"ka rp",0,0,0,0,0,23,NA,0,23,123,10,100,0,NA,0,0,"",4,NA,0,0,"",1,4,"","ketju","1",2,1,2,0,1,"1",0,NA,1,0,1,NA,"4.875",0,0,1,15,0.01,"167",15,16,"0","4",2,"2",2,"2","2","2",3,10,20,6,"average",8,0,35,0,"10,77",1,33.72,0,27,0,1,9,2,1,0,0,3,1,13,15,167,0,"0,2",2.88,1.55,3.28,1.03,1.53,1,2,1,1,2,1,0,2,1084,1281,197.67,15.43,10.5,7.5,0,2.92,0,3.82,3.64
"",22,2,"TUOMOLA","int",140,0,600,0,2,2,2,"sol",0,0,0,1,1,"0","1",1,NA,1,1,0,0,1,0,1,0,0,"no",0,0,1,0,0,"yes",0,1,0,1,"no","catpoistrap","yes","no","no","yes",0,"no",1,1,1,1,0,0,0,0,0,"2,3",1,"3","0",14,1,1,2,0,1,1,0,0,0,0,0,0,"0","0","10","5",1,"OX",0,1,0,0,"",0,0,7,0,"0","0",NA,"0",2,2,"0","5","0",100,0,"0","0","0","2",1,28,NA,NA,NA,"0",4,0,0,0,"0","10","1","1","1,25","3","6-20","15","_GLO_LUBR","2","1,5","2","10","<7",2,1,NA,NA,"22",NA,NA,"","","","","","2,25",NA,NA,NA,13,NA,0,0,"",1,NA,NA,NA,NA,"18","13",NA,"bet",NA,13,90,NA,NA,NA,2,NA,3,"0",NA,"1","",NA,NA,1,2,0,0,1,0,"1","y","y","y","y","y","y",4,"1","0",0,"","6",0,0,1,0,"e",0,"0,25","0,4","1,45",0,1,"60",6,"10","6","5,2","3,1","",NA,"2,4","0,5","1,2",1,5,0,0,"",0,0,0,NA,NA,18,13,0,1,NA,1,100,NA,NA,NA,1,"",1,NA,1,1345,"",0,NA,"","1",1,1,1,0,0,NA,NA,1,4,"1.0000000000000000",0,1,"1.0000000000000000","6",0,0,1,0,"e",0,"","",1,18,"2,7","1,8","2,4","0,75","4,86","1,8",1,0,"",0,0,0,0,0,19,13,0,23,12,40,NA,NA,NA,1,2,"",3,NA,0,0,"0",1,24,"","","0",2,3,2,0,0,"",NA,NA,1,0,1,NA,"6.000",0,NA,1,0,0.01,"70",9,8,"0","2,67",NA,"noinfo",NA,"noinfo","noinfo","noinfo",3,30,30,2,"average",4,0,34,0,"3,53",0,33.9,0,30,0,5,7,14,0,0,0,2,2,7,23,70,4,"0,0",1.88,1.53,1.88,0.55,1.53,2,2,1,2,1,2,1,1,142,142,0,0,6,2,2,2.64,NA,4.82,2.64
"Lapahaavoja",23,2,"MaKELa_MTY","piglet",391,73,207,2,2,3,3,"liq",1,1,2,1,1,"1","1",1,1,1,1,1,1,1,0,1,0,0,"no",0,0,1,1,0,"yes",0,1,1,1,"yes","catpois","yes","no","no","yes",0,"no",0,1,1,1,0,0,0,0,0,"2,3",2,"3","5",6,1,2,1,0,1,0,0,0,1,1,0,1,"0","0","50","10",1,"OX",0,1,0,0,"",100,1,0,0,"1","7,5",NA,"8",3,12,"no ","4","1",100,100,"0","10","1","2",1,34,0,26,NA,"1",3,0,3,2,"_NWS","1","1","0,5","0,75","3","6-20","10","_GLO_LUBR","2","0,5","4","65","<7",NA,1,2,1,"50-100",0,NA,"","",".0000000000000000","2,39","0,79","1,8881",2.39,0.79,1.89,3,NA,1,1,"ka rp",0,0,0,0,0,"21,94","",0,"bet",NA,13,75,0,25,0,0,NA,4,"0",NA,"0","",NA,3,0,2,0,0,1,100,"n","y","n","y","y","n","n",4,"1","0",1,"1.0000000000000000","7.125",0,0,1,90,"e",1,"0,3",".3000000000000000","1,3",0,1,"204",12,"14","5,7","4,966","2,0","1,7",0,"2.050",".840","1,7",2,5,1,1,"ka rp",0,0,0,0,0,21,NA,1,1,NA,13,20,0,80,0,0,"",0,NA,0,0,"",2,NA,"1","",0,0,2,0,0,NA,10,1,4,"1.0000000000000000",0,1,"1.1000000000000000","5.500",0,0,1,10,"e",0,"0,8","0,7",6,12,"2,46","1,78","2.370",".680","4,3788","1.6116000000000001",1,1,".kissa ja ka rpa si",1,1,0,0,0,21,NA,1,35,12,10,100,0,NA,0,0,"",4,NA,1,5,"",1,4,"joillakin rulla","1","",1,1,2,1,0,"1",10,NA,1,0,1,1,"7.000",0,0,1,20,0.01,"196",16,15,"NSAIDS3","2,33",2,"2",0,"0","2","2",3,24,40,4,"average",5,0,49,1,"",NA,NA,NA,44,1,NA,NA,NA,NA,NA,NA,NA,NA,NA,NA,98,1,"0,2",2.27,NA,NA,NA,NA,NA,NA,NA,NA,NA,NA,NA,NA,409,550,141.5,25.71,10,5,4,NA,0,NA,NA
"1",24,1,"MaKILa","int",700,250,1120,0,4,2,3,"liq",1,1,1,1,1,"0","1",1,1,1,1,0,1,1,0,1,0,0,"no",1,1,1,1,1,"yes",0,1,1,1,"yes","pois","yes","no","yes","no",1,"yes",0,1,1,1,0,0,0,1,0,"2,4",1,"3","2",0,0,0,2,1,1,1,1,0,1,1,0,1,"1","1","50","25",1,"OX_IND",0,1,1,0,"",0,0,0,1,"1","noinfo",NA,"noinfo",NA,NA,"noinfo","noinfo","noinfo",100,0,"noinfo","noinfo","noinfo","2",NA,NA,NA,NA,NA,"noinfo",5,1,0,0,"0","10","0","1","noinfo","1","noinfo","noinfo","","noinfo","","noinfo","","7-14",NA,0,2,1,"50-100",0,NA,"","",".0000000000000000","2,3","0,7","1,61",2.3,0.7,1.61,3,4,1,1,"ka rp",1,1,0,0,0,"22","14",0,"betmet",NA,12,80,20,0,0,0,NA,4,"0",NA,"1","kangas tms",NA,NA,NA,1,0,0,0,10,"","","","","","","",4,"1","1",1,"1.0000000000000000","3.000",0,0,1,10,"e",0,"1","1.0000000000000000","1.5000000000000000",0,1,"320",32,"10","8","3,4","2,7","2,7",0,"2.600",".750","2,0",3,145,1,1,"ka rp",1,1,0,0,0,22,14,0,1,NA,13,70,0,0,0,0,"",0,NA,0,0,"",0,NA,"","",0,0,2,0,0,NA,30,1,4,"1.0000000000000000",0,1,"1.1000000000000000","3.500",0,0,1,30,"e",0,"","",12,20,"1,85","2,6","2.300",".700","4,81","1.6099999999999999",0,1,"ka rp",0,0,0,0,0,22,14,0,12,12,58,42,0,NA,1,2,"",3,10,0,0,"",0,0,"","","",0,NA,2,0,0,"",30,NA,1,0,1,1,"8.750",0,0,1,30,0.01,"175",16,17,"NSAIDS_TETR","2,25",0,"0",1,"1","3","1",5,13,25,6,"much",23,1,69,1,"16,65",1,46.61,1,45,1,5,9,32,1,0,0,12,1,19,49,117,2,"0,4",4.83,1.84,4.08,1.22,1.67,2,2,2,1,2,2,1,2,690,1045,354.58,33.94,8,6,6,3.04,1,7.01,4.3
"makaamaan ja a neita ",25,2,"NASUVAARA","piglet",270,50,50,0,3,2,3,"liq",1,0,1,1,1,"0","1",1,1,1,1,1,1,1,0,1,0,0,"no",1,0,0,1,0,"no ",0,12,0,0,"no","nothing","no","no","no","no",1,"no",1,1,1,1,0,0,0,0,1,"2",4,"3","fewhours",6,1,2,2,1,1,0,0,0,1,1,0,0,"0,5","0,5","7","1",0,"no",0,0,0,0,"",90,1,0,0,"1","4",0,"2ndheat",2,1,"1","3","0",100,0,"8","1","1","2",1,38,1,39,NA,"1",4,0,4,2,"_CUT","3","1","1","2,5","2,5","6-20","15","_GLO_LUBR","2","0,75","3","25","1",NA,0,2,1,"20-50",0,NA,"","",".0000000000000000","2,3","0,75","1,725",2.3,0.75,1.72,3,5,1,0,"",0,0,0,0,0,"24,25","23",1,"bet",NA,13,85,0,15,0,2,NA,2,"1",NA,"1","ketju",NA,2,1,12,0,0,1,NA,"0","1","1.0","1","1.0","1","1",4,"1","1",1,"1.0000000000000000","",1,1,1,10,"e",0,"0,1","","",0,1,"160",20,"8","6,5","4","3,3","3,3",0,"2.000",".650","1,3",2,5,0,0,"",0,1,0,0,0,26,23,0,1,NA,13,65,0,33,0,1,"",2,NA,1,3,"",5,NA,"ketju+muovi","1",1,1,2,0,0,NA,20,1,4,"1.0000000000000000",0,1,".1250000000000000","6.300",0,0,1,30,"e",0,"","",2,36,"2.500","2.000","2.450",".650","5.0000000000000000","1.5925000000000002",1,1,"ka rp",0,0,0,0,0,23,23,0,12,12,50,50,0,NA,1,2,"",2,100,1,3,"",1,5,"","","",2,2,2,0,0,"",20,NA,1,1,1,1,"",0,0,1,30,0.01,"90",14,15,"NSAIDS_PEN","2",4,"2",1,"1","4","2",3,19,35,2,"average",11,1,45,0,"9,56",1,39.93,0,34,0,2,7,1,1,0,0,1,1,11,12,135,0,"0,2",3.27,1.65,3.09,0.98,1.6,1,1,1,1,1,1,0,2,262,293,31.08,10.61,9,6,3,2.61,1,3.41,3.27
"",26,3,"NIITYNMAAN_PORSAS","piglet",956,30,0,6,3,1,3,"liq",1,1,2,0,1,"0","0",1,1,1,1,1,1,0,1,0,1,NA,"yes",1,1,1,1,0,"yes",1,1,1,1,"no","poistrap","yes","yes","no","no",1,"no",1,1,1,1,1,0,0,0,0,"4",3,"3","0",2,1,1,2,1,0,0,0,0,1,0,1,1,"0,25","1,5","100","3,5",1,"_FARNSAIDS_PPAB",1,0,0,1,"",100,1,0,1,"1","7",1,"8",3,NA,"0","3","1",100,80,"0","10","1","2,1",1,28,0,28,6,"2",5,2,5,2,"heina puruturve","10","1","1,3","0,5","3,5","<6","5","WASH_GLO_LUBR","1","0,5","4","120","<7",2,1,2,1,"50-100",0,NA,"","",".0000000000000000","2,325","0,768","1,7856",2.33,0.77,1.79,3,NA,0,1,"ka rp",0,0,0,0,0,"19,075","",0,"betmet",NA,12,80,20,0,0,0,NA,4,"n",NA,"1","ketju",1,3,1,2,0,0,1,0,"n","y","n","y","y","y","y",4,"1","0",1,"1.0000000000000000","ok",0,0,1,10,"e",0,"0,9",".9000000000000000","1.6000000000000000",0,2,"288",4,"18","5","9,3","2,6","2,6",1,"","","",2,45,1,1,"lintuja",0,0,0,0,0,21,NA,0,1,NA,13,50,NA,NA,NA,1,"",3,10,1,2,"",0,NA,"","0",2,2,2,0,1,1,90,0,2,"1.0000000000000000",0,1,".1110000000000000","2.500",0,0,2,80,"e",1,"0,8","0,5",6,40,"2.600","2.000","2.000",".750","5.2000000000000000","1.5000000000000000",0,1,"ka rp",0,0,0,0,0,22,NA,0,123,12,55,45,0,NA,1,24,"",2,85,1,243,"",1,4,"","ketju","1",2,1,2,1,0,"",NA,NA,1,0,1,NA,"5.625",0,0,1,NA,0,"319",14,15,"NSAIDS_PEN_AMOX","2,67",3,"2",1,"1","4","3",3,17,33,5,"average",14,1,58,1,"13,29",1,56.3,1,45,1,3,5,2,1,0,0,2,1,11,12,147,0,"0,0",3.71,1.77,3.65,1.12,1.75,2,1,1,1,1,1,0,1,959,993,33.67,3.39,7,9,3,2.34,1,3.48,3.35
"",27,2,"OJALA","int",84,20,600,1,1,2,3,"sol",0,0,0,1,1,"1","1",1,1,1,1,1,1,1,0,0,1,0,"no",0,0,1,1,0,"no ",1,1,1,1,"yes","catpoistrapother","yes","no ","no","yes",0,"no",1,1,1,1,1,0,0,0,0,"2,4",1,"3","0",0,0,2,2,1,0,0,0,1,1,1,0,1,"2","0,5","18","12",0,"no",0,0,0,0,"",100,1,0,1,"1","7,5",1,"8",3,12,"1","7","1",77,0,"1","0","0","2",1,0,NA,28,NA,"0",5,2,5,2,"STR_CUT","4","1","0,4","0,5","5","6-20","15","WASH_GLO_LUBR","2","1,5","2","12","7-14",2,0,NA,NA,"20-50",NA,NA,"","","","","","1,38",NA,NA,NA,1,NA,1,0,"",0,NA,NA,NA,NA,"22","",NA,"bet",NA,1,100,NA,NA,NA,1,NA,1,"1",NA,"0","",NA,1,1,1,0,0,1,0,"0","y","y","y","y","n","n",4,"1","0",0,".17 ","9",0,0,1,10,"e",0,"0,1",".1 ","1.1 ",1,2,"27",5,"11","8,5","6","4,6","",NA,"2.300",".600","1,4",1,5,1,0,"",0,0,0,NA,NA,22,NA,0,1,NA,1,100,NA,NA,NA,1,"",1,NA,1,1,"",0,NA,"","",1,1,2,0,0,1,0,1,4,"1.0000000000000000",0,1,".17 ","9.000",0,0,1,10,"e",0,".3 ",".9 ",2,0,"2,7","1,9","2.400",".650","5,13","1.5600000000000000",1,0,"",0,0,0,0,0,23,NA,0,123,12,50,NA,NA,NA,1,2,"",3,50,1,1,"",1,4,"","","",2,2,2,0,0,"",10,NA,1,0,1,NA,"6.250",0,0,1,10,0.01,"84",14,13,"NSAIDS_PEN","2,75",4,"2",2,"2","3","2",3,33,40,2,"much",2,0,43,0,"1,94",0,37.83,0,41,1,11,5,0,0,0,0,0,0,16,16,42,7,"0,2",1.48,1.63,1.39,0.29,1.58,2,1,1,1,2,1,0,1,91,103,12.17,11.8,9,7.5,4,2.32,1,4.03,4.03
"",28,1,"PELO","piglet",74,0,5,0,2,2,3,"liq",1,1,1,1,1,"1","1",1,NA,1,NA,1,0,1,0,1,0,0,"yes",0,0,1,1,0,"no ",1,0,0,0,"yes","catpoisother","yes","no","no","yes",0,"no",1,1,1,0,0,0,0,0,0,"2,2",2,"3","0",56,1,1,4,1,0,0,0,0,1,0,0,0,"0","0,5","1","0,1",0,"no",0,0,0,0,"",80,1,8,0,"0","6",1,"8",3,12,"1","0","1",20,80,"65","0","0","1",1,NA,1,28,NA,"1",5,0,2,2,"_CUT","2","1","1","2","3","<6","1","WASH_GLO_LUBR","2","0,5","2","10","7-14",2,1,1,1,"50-100",9,8,"5.94","3.02","2.2423500000000000","1,71","0,57","0,9747",NA,NA,NA,124,125,1,0,"0",0,0,0,0,0,"18,68","",0,"bet",0,13,75,NA,NA,NA,2,0,3,"y",0,"y","maitopurkkeja",1,2,1,2,0,0,1,10,"n","y","y","y","y","y","y",2,"1","0",1,".2222222222222222","7.000",0,0,1,20,"e",0,"0,2",".1000000000000000","0,2",1,1,"72",9,"8","5,94","3,02","2,2","2,2",0,"1.710",".570","1,0",124,125,1,0,"",0,0,0,0,0,19,NA,0,1,NA,13,30,NA,NA,NA,1,"",3,5,1,5,"",24,NA,"maitopurkkeja","1",2,1,2,0,0,1,10,0,2,"1.0000000000000000",0,1,".2222222222222222","7.000",0,0,1,20,"e",0,"0,294117647058823","0,647058823529412",1,22,"3.100","2.080","2.210",".730","6.4480000000000000","1.6133000000000000",0,1,"ka rp",0,0,0,0,0,19,NA,0,125,12,60,40,0,NA,1,2,"",2,NA,1,3,"",0,NA,"","","1",2,1,2,0,0,"",0,1,1,0,1,1,"7.000",0,0,1,0,0.03,"37",13,12,"NSAIDS_PEN","2",3,"3",3,"3","4","2",3,25,30,2,"some",17,1,53,1,"15,29",1,47.06,1,35,0,13,0,0,0,0,13,7,7,20,33,37,0,"0,0",4.13,1.72,3.91,1.18,1.67,2,1,2,2,2,2,0,1,76,85,8.92,10.49,10,6,1,0,1,5.77,4.47
"Lihasikoja muualta",29,2,"PENKKALA","int",155,25,330,0,2,3,3,"liq",1,0,1,1,1,"1","1",1,1,1,1,1,1,0,0,1,0,0,"no",0,0,1,0,0,"no ",0,1,0,1,"no","catpois","no","no","no","yes",0,"yes",0,1,1,1,0,0,0,0,0,"2,3",1,"3","0",2,1,1,2,1,0,1,0,0,1,0,0,1,"0","0","1","1",1,"OX",0,1,0,0,"",95,1,0,1,"1","7",1,"8",2,1,"0","3","1",90,0,"10","0","0","2",1,21,NA,30,NA,"1",7,0,7,2,"STR","7","0","2","1","3","<6","5","_GLO_LUBR","2","1,5","4","75","<7",12,1,2,1,"20-50",0,NA,"","",".0000000000000000","2,18","0,75","1,635",2.18,0.75,1.64,3,NA,1,1,"ka rp",0,0,0,0,0,"18,1","",0,"bet",NA,13,67,0,33,0,0,NA,4,"n",NA,"y","muovirinkula osalla",1,0,1,2,0,0,0,0,"","","","","","","",4,"1","0",1,"1.0000000000000000","6.825",0,0,1,10,"e",1,"0,3",".2727272727272727",".5454545454545454",0,1,"90",6,"15","7,98","6,57","3,5","3,5",0,"2.280",".740","1,7",123,5,1,0,"",0,0,0,0,0,19,NA,0,1,NA,13,75,0,25,0,0,"",0,NA,1,13,"olki ha kissa  seina lla ",1,NA,"","1",2,1,2,0,0,0,10,0,5,"1.0000000000000000",0,1,".3300000000000000","7.600",0,0,1,20,"e",1,"0,1","0,3",1,44,"2.500","1.940","2.370",".790","4.8500000000000000","1.8723000000000000",1,1,"ka rp",0,0,0,0,0,20,NA,0,12,12,75,25,0,NA,1,25,"perunajauho possuilla",3,NA,1,13,"perunajauho pienilla ",0,NA,"","","1",2,3,2,0,0,"1",50,NA,1,1,1,1,"4.125",0,0,1,50,0.01,"78",13,12,"NSAIDS_PEN_AMOX","2,33",2,"1",2,"2","3","2",4,25,30,2,"verymuch",11,1,60,1,"9,4",1,51.96,1,49,1,1,8,36,3,0,0,13,0,9,49,78,2,"0,2",3.29,1.78,3.07,0.97,1.72,1,2,2,1,1,2,1,2,157,181,24,13.27,8,4,3,2.79,0,7.03,3.02
"",30,3,"PORSASMaKI","piglet",670,170,10,0,3,2,4,"liq",1,1,2,1,1,"1","1",1,1,1,1,1,0,1,0,1,1,0,"no",1,1,1,1,1,"yes",0,1,0,1,"no","pois","no","no","no","no",1,"no",1,1,1,1,0,0,0,0,0,"2,3",1,"3","0",156,1,2,1,1,1,1,0,1,1,1,0,0,"1","1","6","2",1,"_FARNSAIDS",0,0,0,1,"",100,1,0,0,"0","7",1,"8",3,12,"1","1","1",100,0,"0","10","1","2",1,28,NA,28,NA,"1",5,2,2,2,"heina turve","10","0","1,8","1,25","3,5","<6","3","WASH_GLO_LUBR","1","0,5","3","30","7-14",2,1,2,1,">100",0,NA,"","",".0000000000000000","2,3","0,7","1,61",2.3,0.7,1.61,3,14,0,0,"",0,0,0,0,0,"26,375","31",0,"bet",NA,13,80,0,15,0,2,NA,3,"0",NA,"1","",1,2,1,1,0,0,1,30,"0,5","y","y","y","y","n","n",4,"1","0",1,"1.0000000000000000","7.875",0,0,1,30,"e",0,"1","1.0000000000000000","1,2",0,2,"300",40,"7","5","4","2,9","2,9",0,"2.300",".700","1,6",2,145,1,0,"",0,0,0,0,0,24,31,0,1,NA,13,60,40,0,0,1,"",2,60,1,1456,"paperi. pahvi",4,NA,"puupalikka narussa","1",2,1,1,0,0,1,20,0,3,".1428571428571429",0,1,".1428571428571429","6.500",0,0,1,30,"e",0,"1,1","0,4",6,28,"2.600","1.900","2.350",".700","4.9399999999999995","1.6450000000000000",1,0,"",0,0,0,0,0,27,31,0,12,12,60,38,0,NA,1,245,"ummetusrehu. porsasrehu. heina ",2,NA,1,234,"",1,4,"","muoviputki","1",2,1,2,0,0,"1",0,NA,1,0,1,1,"7.000",0,0,1,10,0,"223",18,19,"NSAIDS_PEN_TRIM","1,33",4,"3",3,"3","4","2",2,11,20,5,"average",19,1,51,1,"17,07",1,41.99,0,32,0,2,8,2,0,0,0,1,1,10,11,134,0,"0,3",4.31,1.7,4.13,1.23,1.62,1,2,1,2,1,1,0,1,683,879,195.83,22.28,10,9,5,2.79,1,3.38,3.17
"",31,1,"RANTANEN_MTY","int",600,65,2000,0,2,2,3,"liqsol",1,0,1,1,1,"1","1",1,1,1,1,1,1,1,0,1,0,0,"no",1,1,1,1,1,"yes",1,1,1,1,"no","catdogpoistrapfirm","yes","no","yes","yes",0,"yes",0,1,1,1,1,0,0,0,0,"2,4",1,"3","0",0,0,0,4,0,0,0,0,0,0,1,1,0,"0","0","8","4,5",1,"_PPAB",1,0,0,0,"",0,0,3,1,"1","6,5",NA,"8",3,13,"1","6","1",100,0,"0","10","1","2",1,28,1,28,NA,"1",7,2,0,0,"0","10","1","1","1","3,5","20-50","25","WASH_GLO_LUBR","2","0,5","2","10","14",NA,0,2,1,"50-100",0,NA,"","",".0000000000000000","2,3","0,7","1,61",2.3,0.7,1.61,3,NA,1,0,"",0,0,0,0,0,"19,5","19",0,"bet",NA,13,80,0,20,0,0,NA,0,"0",NA,"0","",NA,3,0,2,0,0,0,10,"","","","","","","",4,"1","0",1,"1.0000000000000000","6.250",0,0,1,10,"e",0,"0,6","1.5000000000000000",".6000000000000000",0,1,"120",12,"10","8","3,5","2,8","2,8",0,"2.500",".800","2,0",12,5,0,0,"",0,0,0,0,0,19,19,0,1,NA,12,60,20,0,0,0,"",0,NA,0,0,"",0,NA,"","",0,0,2,0,0,1,NA,1,4,"1.0000000000000000",0,1,"1.0000000000000000","6.500",0,0,1,0,"e",0,"","",5,28,"2,8","1,9","2.300",".750","5,32","1.7249999999999999",0,1,"ka rp",0,0,0,0,0,20,19,0,23,2,10,100,0,NA,1,2,"",3,NA,0,0,"",1,4,"","ketju+muovi","1",2,3,2,0,0,"0",10,NA,1,0,1,1,"3.750",0,0,1,10,0,"300",19,18,"0","2",0,"0",0,"0","3","1",4,17,30,5,"much",7,0,46,1,"5,71",0,37.95,0,39,1,3,15,31,2,0,0,23,4,20,55,120,3,"0,1",2.62,1.66,2.39,0.76,1.58,2,2,2,2,2,2,1,2,613,735,122.58,16.67,8,9,2,3.85,1,7.42,4.51
"",32,1,"RANTSI","piglet",380,30,40,0,2,2,3,"sol",0,0,0,1,1,"1","1",1,1,1,1,1,1,1,0,0,0,0,"no",0,0,0,0,0,"yes",1,1,0,1,"no","poistrap","yes","no","yes","yes",0,"no",1,1,1,1,0,0,0,1,0,"2,4",2,"3","0",NA,1,1,2,0,1,0,0,1,0,0,0,0,"0,25","0,5","3","3",1,"_PPAB",1,0,0,0,"",100,1,0,1,"0","7",1,"8,5",3,3,"1","0","1",100,0,"0","10","1","2",1,28,1,26,NA,"1",4,2,4,2,"STR","3","0","0,5","0,5","3","6-20","10","WASH_HANDWASH_GLO_LUBR","2","0,5","3","25","10",NA,0,2,1,">100",20,NA,"","",".0000000000000000","2,3","0,8","1,84",2.3,0.8,1.84,3,124,1,1,"ka rp",0,0,0,0,0,"27,67","28,3",0,"bet",NA,13,80,0,20,0,0,4,0,"0",NA,"1","muovipo tkyla ",1,0,0,2,0,0,1,20,"0","0",".0","0",".0","1","1",4,"1","0",1,"1.0000000000000000","",0,0,1,20,"e",0,"0,45","","",0,2,"90",12,"8","6,5","3,7","3,0","3,2",0,"","","",2,12345,1,1,"ka rp",0,0,0,0,0,27,28,0,1,NA,13,67,0,33,0,1,"",3,NA,1,13,"puru",4,NA,"pallo ketjussa","1",2,1,2,0,0,1,70,0,3,".1333333333333333",0,12,".1300000000000000","",0,0,1,65,"e",0,"","",4,44,"2.700","1.850","2.500",".800","4.9950000000000010","2.0000000000000000",1,1,"ka rp",0,0,0,0,0,27,28.3,0,1,13,60,0,38,NA,1,12,"2",2,NA,1,13,"puru",1,4,"","pallo ketjussa","1",2,1,2,0,0,"0",50,NA,1,1,13,1,"2.5",0,0,1,50,0.01,"190",12,11,"0","2,67",2,"2",1,"1","1","1",4,15,22,1,"some",14,1,94,1,"8,89",1,59.29,1,80,1,4,7,4,4,7,5,5,2,14,27,NA,0,"0,1",3.75,1.97,2.98,0.95,1.77,2,2,2,2,2,2,0,2,385,607,222.58,36.66,9,4.5,2,2.62,1,5.18,3.79
"",33,1,"RUOKONEN","int",60,2,0,0,1,2,3,"liq",1,1,2,1,1,"1","1",1,1,0,1,1,1,1,0,1,0,1,"no",1,0,0,1,1,"yes",1,1,1,1,"no","catpois","yes","no","no","yes",0,"no",0,1,1,2,1,0,0,0,0,"2,3",2,"3","0",1,1,2,2,NA,0,0,0,0,0,1,1,1,"0","0","2,5","1",0,"no",0,0,0,0,"",50,1,8,0,"0","6",NA,"6",3,12,"1","3","1",90,0,"5","0","0","2",1,28,1,NA,NA,"0",3,0,3,2,"STR","2","0","1,3","0,5","3","<6","5","WASH_GLO_LUBR","2","2","1","3","3",NA,0,NA,NA,"20-50",2,NA,"","",".0000000000000000","2,5","0,75","1,875",2.5,0.75,1.88,3,5,1,1,"ka rp",1,1,0,0,0,"19","14",0,"betmet",0,12,80,NA,NA,NA,1,0,3,"1",NA,"0","0",0,2,4,2,0,0,1,NA,"1","y","y","y","y","y","y",4,"2","0",1,".5","6.500",0,0,1,10,"e",0,"0,6",".6363636363636364","1.4000000000000000",1,1,"36",8,"4","5","4","5,0","2,5",0,"0","0","",2,5,1,1,"ka rp",0,0,0,0,0,19,NA,0,1,NA,12,60,40,0,0,1,"",3,NA,1,1,"heina ha kit on. mutta annetaan harvoin koska lannanpoisto menee tukkoon",0,NA,"","",2,4,2,0,0,NA,NA,0,2,"1.2222222222222223",0,1,".4000000000000000","6.250",0,0,1,20,"e",0,"","",1,18,"2,7","1,9","2.300",".930","5,13","2.1390000000000000",0,1,"ka rp",0,0,0,0,0,20,NA,0,12,12,63,37,0,NA,1,2,"ja kumimatot",2,60,1,16,"olki tai sa ilo heina ",1,4,"","kaupallinen muovilelu","",2,2,2,0,0,"",10,1,1,0,1,1,"8.500",0,0,1,10,0.02,"60",16,15,"0","2,33",3,"1",3,"2","4","2",3,15,15,1,"verymuch",10,1,24,0,"",NA,NA,NA,14,0,NA,NA,NA,NA,NA,NA,NA,NA,NA,NA,60,0,"0,0",3.19,NA,NA,NA,NA,NA,NA,NA,NA,NA,NA,NA,NA,49,52,2.92,5.61,9,7,3,NA,NA,NA,NA
"",34,1,"SAARENPaa","int",180,0,0,0,4,2,3,"sol",0,0,0,1,1,"0","1",1,1,0,1,1,0,1,0,0,0,0,"no",1,0,0,1,0,"yes",1,1,0,1,"no","pois","yes","yes","no","yes",0,"yes",1,1,1,1,0,0,0,0,0,"0",3,"3","0",1356,1,0,4,0,1,1,0,1,1,1,0,0,"0","0","0","2,5",0,"no",0,0,0,0,"",100,1,0,0,"0","7",NA,"9,5",3,12,"1","1","0",80,0,"5","5","1","2",1,NA,1,NA,NA,"0",7,2,2,1,"STR_CUT","1","1","1","2","2","<6","5","WASH_HANDWASH_GLO_LUBR","2","1","1","4","7-14",2,1,NA,NA,"all",6,4,"3,4","4","","0,85","2,2","1,87",NA,NA,NA,2,NA,0,1,"",1,NA,NA,NA,NA,"25","",NA,"bet",NA,1,100,NA,NA,NA,12,NA,2,"13",NA,"0","",NA,2,1,1,1,0,0,0,"","","","","","","",2,"1","0",1,"0,25","5",0,0,1,50,"e",0,"0","","0,75",1,1,"all",6,"4","4","3,4","3,4","",2.5,"2.200",".850","1,9",2,1245,0,1,"ka rp",1,1,0,0,0,28,28,0,1,NA,1,100,0,0,0,1,"",2,NA,1,13,"",0,NA,"","1",2,1,1,1,0,NA,10,0,2,"1",0,1,".2500000000000000","5.000",0,0,1,50,"e",0,"0,2","0,25",1,20,"2.600","2.000","2.300",".850","5.2000000000000000","1.9549999999999998",1,1,"ka rp",0,0,0,0,0,25,28,1,12,2,60,63,0,NA,1,12,"",2,NA,1,136,"",1,3,"","","",2,1,2,1,0,"",20,1,NA,0,1,1,"6.750",0,0,1,20,0.02,"45",11,10,"_PEN","2",4,"1",NA,"noinfo","4","2",3,20,30,3,"some",15,1,38,0,"",NA,NA,NA,24,0,NA,NA,NA,NA,NA,NA,NA,NA,NA,NA,60,0,"0,0",3.84,NA,NA,NA,NA,NA,NA,NA,NA,NA,NA,NA,NA,170,205,34.92,17.07,6,5,5,NA,NA,NA,NA
"",35,2,"Sikaco","piglet",1000,0,0,0,7,2,3,"sol",1,1,2,1,0,"0","1",1,1,1,1,1,1,0,0,1,0,0,"no",0,1,0,1,0,"yes",1,1,1,1,"no","pois","yes","yes","yes","no",1,"no",0,1,1,1,0,0,0,0,0,"0",1,"3","1",1,1,1,2,1,1,1,0,1,1,1,0,0,"0,1","0,2","10","10",1,"OX_IND",0,1,1,0,"",0,0,0,1,"1","6",1,"8",3,1,"1","7","1",100,0,"3","3","1","2",1,28,NA,28,NA,"1",4,2,4,2,"STR","7","0","1","1","2","50","50","_GLO_LUBR","2","0,5","3","30","7-14",3,1,2,1,"noinfo",NA,NA,"","","","3","0,75","2,25",3,0.75,2.25,3,NA,0,0,"",1,NA,NA,NA,NA,"26","20",NA,"bet",NA,13,80,NA,NA,NA,0,0,0,"0",NA,"0","",NA,0,0,2,0,0,1,20,"1","1","1.0","1","1.0","1","1",4,"1","0",1,"","5.750",0,0,1,20,"e",0,"#JAKO/0!","0.3","0.3",NA,3,"44",3,"16","6,35","5,75","2,3","2,3",NA,"2.300",".750","1,7",23,5,0,0,"",0,0,0,NA,NA,26,NA,0,1,NA,13,60,NA,NA,NA,0,"",0,NA,1,2,"",0,NA,"0","0",2,1,2,0,0,1,10,1,4,"1.0000000000000000",0,1,".1700000000000000","7.900",0,0,1,NA,"e",0,"0,3","0,1",6,42,"2,6","1,7","2.300",".700","4,42","1.6099999999999999",0,0,"0",0,0,0,0,0,26,NA,0,123,12,40,NA,NA,NA,1,12,"",3,50,1,1,"",1,3,"","","2",2,3,2,0,0,"",10,NA,1,0,1,NA,"4,1",0,0,1,NA,0.01,"143",15,16,"3","3",2,"1",NA,"noinfo","3","3",3,16,30,7,"average",17,1,52,1,"16,17",1,50.24,1,35,0,2,12,28,2,0,0,9,4,19,47,143,0,"0,0",4.1,1.72,4.02,1.21,1.7,1,2,2,2,2,2,1,2,947,983,36.6,3.72,6,7,5,3.47,1,6.84,4.35
"",36,2,"SIKASUORA","piglet",500,120,214,0,3,2,3,"sol",1,1,NA,1,1,"n","y",NA,NA,1,NA,1,1,1,0,0,0,0,"no",0,0,0,1,0,"yes",1,12,1,0,"yes","poistrap","yes","no","no","no",1,"no",1,1,1,1,1,0,0,0,0,"2,4",1,"","0",2,1,1,2,1,0,0,0,0,1,1,0,0,"0,5","1,5","90","8",1,"OX",0,1,0,0,"Ell ei motivoitunut. vieroitusripuli vaikea",100,1,0,0,"1","7",1,"8",3,2,"1","1","1",100,0,"25","5","1","2",1,28,0,28,6,"2",4,0,4,3,"heina","3","1","1","1","3","20-50","20","_GLO_LUBR","2","0,5","4","50","7-14",2,1,2,2,">100",NA,NA,"","","","2,3","0,6","1,38",2.3,0.6,1.38,23,NA,0,1,"",1,NA,NA,NA,NA,"19","",NA,"bet",NA,13,80,NA,NA,NA,0,NA,0,"2",NA,"0","",NA,2,3,2,0,0,0,100,"","","","","","","",4,"1","0",1,"","4.750",0,0,1,10,"e",0,"0","","",0,6,"250",12,"6","4,2","3,5","2,5","2,5",NA,"","","",2,124,0,0,"",0,0,0,NA,NA,19,NA,0,1,NA,13,60,NA,NA,NA,1,"",3,NA,0,0,"",14,NA,"","",0,0,2,0,0,0,10,3,3,"1.0000000000000000",0,1,".1110000000000000","4.100",0,NA,2,10,"e",0,"","",1,112,"1,8","2,7","2.400",".700","4,86","1.6800000000000000",0,1,"krp",0,0,0,0,0,20,NA,0,23,2,10,NA,NA,NA,0,0,"",0,NA,1,2,"",1,4,"","","",2,3,2,0,0,"",10,NA,1,0,1,NA,"8.000",0,0,1,0,0.01,"167",2,3,"NSAIDS_PEN","3",3,"3",2,"1","2","2",4,4,6,3,"much",12,1,68,1,"9,81",1,53.02,1,56,1,2,4,0,0,0,0,2,0,8,8,167,0,"0,2",3.44,1.83,3.13,0.99,1.72,1,1,1,1,1,1,0,1,466,602,136.08,22.62,6.5,6,2,2.06,1,2.91,2.84
"Ainoa jolla kystiittia ",37,3,"SIKATIIMI","piglet",800,25,0,0,4,2,3,"liq",1,0,1,1,1,"1","0",1,1,1,1,1,0,0,0,1,1,1,"no",1,0,0,0,0,"no ",1,1,1,1,"yes","catpoistrap","yes","no","no","yes",0,"no",0,1,1,1,0,0,0,0,1,"2,4",2,"XMuuten. miten PYRITa a N PITa Ma a N RYHMa  STABIILINA. RYHMa T HAJOILEVAT KYLLa ","0",14,1,2,1,0,0,1,1,1,0,0,0,1,"0","1","28","10",1,"_COC",0,0,0,0,"",0,0,11,0,"noneed","0",NA,"0",3,13,"0","1","1",100,100,"5","5","1","2",1,28,NA,23,6,"2",5,2,5,3,"STR","1","0","0,8","1","4","20-50","20","_GLO_LUBR","2","0,5","2","20","<7",2,1,2,1,">100",NA,NA,"","","","2","0,63","1,26",2,0.63,1.26,3,NA,1,0,"",0,NA,NA,NA,NA,"22","",NA,"bet",NA,13,85,NA,NA,NA,1,NA,3,"1",NA,"1","",NA,2,3,2,0,0,1,20,"y","y","n","y","y","y","y",4,"1","0",1,"","6.875",0,NA,1,20,"e",0,"1,45","","",0,3,"144",4,"36","14,1","3,65","1,4","1,4",NA,"1.950",".560","1,1",13,5,1,0,"",0,0,0,NA,NA,19,NA,0,1,NA,13,85,NA,NA,NA,1,"",2,NA,1,13,"",0,NA,"","",2,1,12,0,1,1,20,1,4,"1.0000000000000000",0,1,"1/9","8.000",0,NA,2,35,"e",0,"","",6,38,"2,5","1,8","1.850",".660","4,5","1.2210000000000000",0,0,"",0,0,0,0,0,24,NA,0,123,12,55,NA,NA,NA,1,14,"",3,10,0,0,"",0,NA,"","","",0,NA,2,0,0,"",0,NA,NA,0,1,NA,"8.000",0,0,1,0,0.01,"200",13,12,"0","2,67",4,"2",3,"3","3","1",2,14,27,6,"average",6,0,45,0,"5,68",0,45.03,1,39,1,0,5,1,1,0,0,2,1,9,11,133,0,"0,0",2.38,1.65,2.38,0.75,1.65,1,1,1,1,1,1,0,1,793,793,0,0,5,6,4,2.19,1,3.25,3.05
"Emakoita yhdistelta essa  joskus lisa virikkeena  pahvilaatikoita",38,2,"PUISTONTILA","int",140,37,810,0,2,4,4,"liq",1,0,1,1,1,"1","0",1,1,0,1,0,1,0,0,0,0,0,"yes",0,1,1,0,0,"no ",0,12,0,1,"yes","catpoistrap","no","no","no","yes",0,"yes",1,1,1,1,0,0,0,0,0,"2,3",2,"3","0",13,1,2,2,1,1,0,0,0,1,0,0,1,"0,5","0,5","20","7,5",1,"OX",0,1,0,0,"Ei paljon ongelmia",100,1,0,1,"0","6",NA,"7,5",NA,12,"1","0","1",20,0,"10","30","2","2",1,4,1,NA,NA,"0",7,0,7,3,"STR","2","0","1","1,25","2","<6","1","WASH_HANDWASH_LUBR","2","0,5","1","5","7-14",2,1,1,1,"50-100",NA,NA,"","","","2,5","0,7","1,75",2.5,0.7,1.75,12,NA,1,0,"",0,NA,NA,NA,NA,"18","",NA,"bet",NA,13,80,NA,NA,NA,12,NA,2,"y",NA,"0","",NA,2,2,2,0,0,1,0,"y","y","y","y","y","y","y",4,"1","0",1,"1.0000000000000000","7.000",0,0,1,0,"e",0,"0,2","","",1,1,"90",25,"4","3,7","2,9","2,7","",NA,"2.500",".700","1,8",2,45,1,0,"",0,0,0,NA,NA,18,NA,0,1,NA,13,65,NA,NA,NA,1,"",2,NA,1,13,"",2,NA,"","",2,3,2,0,0,1,20,0,3,"1.0000000000000000",0,1,"0,5","6.900",0,NA,1,20,"e",0,"","",5,10,"2,45","1,75","1.950",".600","4,2875","1.1700000000000000",0,0,"",0,0,0,0,0,22,NA,0,12,12,50,NA,NA,NA,1,12,"",3,70,1,13,"",1,24,"","","",2,3,2,0,1,"",30,1,NA,0,1,NA,"12",0,NA,1,NA,0.01,"70",10,9,"NSAIDS_PEN","3",4,"3",4,"3","3","3",3,35,35,2,"much",7,0,57,1,"5,82",0,48.86,1,50,1,4,9,0,3,0,0,3,0,15,15,70,6,"0,3",2.6,1.75,2.41,0.76,1.69,2,2,1,1,2,1,0,2,148,172,24,13.96,7,2,3,3.08,1,3.86,3.86
"Emakoita yhdistelta essa  joskus lisa virikkeena  suurempi ma a ra ",39,3,"TUITTULAN_PEKONI","piglet",1180,100,25,0,7,2,3,"liqsol",1,1,2,1,1,"1","1",1,1,1,1,0,1,0,0,1,0,0,"no",0,1,1,1,0,"yes",0,1,0,1,"yes","pois","yes","yes","no","no",1,"no",0,1,1,1,0,0,0,0,0,"2,4",2,"3","0",1,1,1,2,1,0,1,0,0,1,1,0,0,"0,25","0,25","40","20",1,"OX_IND",0,1,1,0,"",0,0,7,1,"1","7,5",NA,"8",3,12,"0","5","1",100,100,"5","15","1","2",1,28,NA,28,NA,"1",7,1,0,0,"0","10","0","1","0,5","5","6-20","15","WASH_GLO_LUBR","2","0,5","4","60","7-14",3,1,2,1,"50-100",0,NA,"","",".0000000000000000","2,2","0,7","1,54",2.2,0.7,1.54,3,13,1,1,"ka rp",1,1,0,0,0,"23,275","",0,"betmet",NA,12,80,25,0,0,0,NA,4,"0",NA,"1","",NA,NA,NA,2,0,0,1,20,"n","y","y","n","y","n","n",4,"1","0",1,"1.0000000000000000","7.125",0,0,2,20,"e",1,"0,3","","",0,1,"600",8,"75","15,5","13","2,7","2,7",16,"","","",1,5,0,0,"",1,1,0,0,0,21,NA,0,1,NA,23,20,50,50,0,0,"",0,NA,1,2,"",4,NA,"harja","",2,1,2,0,0,0,40,0,1,".0130000000000000",1,1,"1.0000000000000000","5.600",0,NA,1,40,"e",0,"","",6,42,"2,6","1,8","2.200",".700","4,68","1.5400000000000000",0,0,"",0,0,0,0,0,22,7,0,23,2,10,NA,NA,NA,0,0,"",4,NA,0,0,"",1,3,"","","",0,0,2,0,0,"1",30,NA,NA,0,1,NA,"5.000",0,0,1,0,0.01,"169",14,15,"NSAIDS3","3",0,"0",1,"1","1","1",3,11,20,6,"some",19,1,61,1,"18,19",1,58.68,1,42,1,3,15,29,2,0,0,8,3,19,47,197,0,"0,1",4.34,1.78,4.26,1.26,1.77,2,2,2,2,2,2,1,2,1175,1215,40.5,3.33,8,5.5,3,3.9,0,6.87,4.34
"Pikkupossuab rutiinisti = karjuporsaat tetrasykl (navat)",40,2,"Ylisimola","int",310,40,1800,0,3,2,3,"solliq",1,1,2,1,1,"0","1",1,1,1,NA,1,1,1,1,1,0,NA,"no",1,0,1,1,0,"yes",1,2,1,1,"yes","poistrap","yes","yes","no","yes",0,"no",1,2,2,2,0,0,0,0,0,"2,4",2,"","2",NA,NA,0,3,1,0,0,1,0,1,1,1,1,"1","1","50","12",1,"OX_FARNSAIDS_COC_PPAB",1,1,0,1,"Mita a n ei ka yda  la pi erityisesti",100,1,0,1,"0","7,5",1,"8,5",3,12,"noinfo","0","1",100,0,"5","10","1","2",1,24,1,25,NA,"1",5,2,5,2,"STR","10","0","0,5","1","2,5","20-50","35","WASH_HANDWASH_GLO_LUBR","1","0,75","1","7,5","<7",2,1,2,1,"50-100",NA,NA,"","","","1,8","0,66","1,188",1.8,0.66,1.19,3,NA,0,0,"",1,NA,NA,NA,NA,"20","",NA,"bet",NA,13,75,NA,NA,NA,0,0,4,"0",NA,"0","",NA,3,0,2,0,0,1,0,"n","y","y","y","y","n","n",4,"1","0",1,"1.0000000000000000","6.125",0,0,1,30,"e",0,"0,6","","",0,1,"115",10,"12","8","6","4,0","4,8",NA,"1.700",".470","0,8",13,15,0,0,"",0,0,0,NA,NA,18,NA,0,1,NA,1,100,NA,NA,NA,1,"",1,NA,1,2,"",0,NA,"","",1,1,1,0,0,1,0,1,4,"1.0000000000000000",0,1,"1.0000000000000000","7.800",0,NA,1,20,"e",0,"0,9","",3,24,"1,84","2,57","1.800",".520","4,7288",".9360000000000000",0,0,"",0,0,0,0,0,20,NA,0,12,12,55,NA,NA,NA,1,2,"",3,10,1,1,"",0,NA,"","","",2,3,2,0,1,"",0,NA,NA,0,1,NA,"4.750",0,NA,1,0,0.01,"103",17,16,"NSAIDS_PEN_SEL","2,33",4,"2",0,"0","3","2",3,6,10,6,"much",11,1,41,0,"9,66",1,39.23,0,35,0,2,10,23,2,0,0,7,2,11,39,52,6,"0,1",3.28,1.64,3.11,0.98,1.59,1,2,2,2,2,2,1,2,298,331,33.08,9.98,10,7,5,3.19,1,6.23,3.35
"",42,3,"YHTEISPORSAS","piglet",830,0,0,0,4,2,4,"liq",1,0,1,1,1,"1","1",1,1,1,1,1,0,1,0,1,0,0,"yes",1,1,1,1,0,"yes",1,1,1,1,"no","catpois","yes","no","no ","yes",0,"no",1,1,1,1,0,1,0,0,1,"2,4",1,"3","3",14,1,2,1,1,1,1,0,0,1,1,0,1,"1","1","15","10",1,"OX",0,1,0,0,"",0,0,12,0,"noneed","0",NA,"0",3,1,"1","1","1",99,20,"5","5","1","2",1,NA,NA,25,6,"2",5,2,5,2,"STR","9","1","0,5","0,75","3","50","50","_GLO_LUBR","2","1","2","20","<7",NA,0,2,1,"50-100",1,60,"20.00","6.80","2.2666666666666666","2,35","0,7","1,645",NA,NA,NA,3,5,0,1,"ka rp",0,0,0,0,0,"22,85","25",0,"bet",NA,13,55,0,20,0,14,NA,1,"1",NA,"0","",NA,2,4,12,0,0,1,10,"n","y","n","y","y","y","y",4,"1","0",1,"1.0000000000000000","",0,0,1,10,"e",0,"0,6",".5454545454545454","1.8000000000000000",0,8,"34",1,"34","55","2","3,2","3,2",0,"2.300",".700","1,6",1,5,1,1,"ka rp",0,0,0,0,0,25,25,0,1,NA,13,80,0,20,0,1,"",1,100,1,14,"",0,NA,"","",1,1,12,0,0,1,10,1,4,"1.0000000000000000",0,2,"1.0000000000000000","",0,0,1,10,"e",0,"","",6,38,"2,6","1,9","2.350",".700","4.9399999999999995","1.6450000000000000",1,1,"ka rp",0,0,0,0,0,25,25,0,23,2,0,100,0,NA,0,0,"",4,NA,1,1,"",0,NA,"","","",2,3,2,0,0,"",0,1,1,0,1,1,"13",0,0,1,10,0,"208",17,16,"NSAIDS_PEN","1,5",4,"2",4,"1","2","1",5,15,25,6,"some",6,0,44,0,"5,59",0,40.96,0,33,0,4,4,1,0,0,0,2,1,11,12,138,0,"0,0",2.36,1.61,2.36,0.75,1.61,2,1,1,1,1,1,0,1,805,806,0.83,0.1,8,8,5,1.96,1,3.4,3.29
"",44,1,"Sankola","piglet",52,15,20,0,3,2,3,"liq",0,0,0,1,1,"1","1",1,1,1,0,1,1,1,0,1,0,0,"no",0,0,1,0,0,"no ",0,2,1,1,"no","catpois","no0","no","no","yes",0.5,"yes",0,1,1,1,0,0,0,0,0,"4",1,"3","0",NA,NA,1,2,0,0,0,0,1,1,0,0,0,"2,5","0","10","7",0,"no",0,0,0,0,"",100,1,0,0,"0","7,5",1,"8,5",3,NA,"1","5","1",85,0,"19","1","1","2",NA,NA,1,32,NA,"1",7,0,1,2,"STR_CUT","1","1","0,8","0,5","2,5","<6","7","WASH_HANDWASH_GLO_LUBR","2","1","1","3","7-14",2,1,1,1,"<20",1,14,"3,5","4,6","1,15","0,65","1,75","1,1375",NA,NA,NA,1,NA,0,0,"",0,NA,NA,NA,NA,"15","",NA,"bet",NA,1,100,NA,NA,NA,1,NA,1,"1",NA,"1","",NA,1,1,1,0,0,1,0,"y","y","y","y","y","y","y",4,"1","0",1,"","7.000",0,0,1,0,"e",0,"0,65","","",1,2,"27",2,"7","4,8","7","4,8","1,2",NA,"1,5","0,5","1,1",1,5,1,0,"",1,1,0,NA,NA,17,NA,0,1,NA,13,70,NA,NA,NA,1,"",1,NA,1,125,"",0,NA,"","",1,1,1,0,0,NA,0,1,4,"1.0000000000000000",0,1,"1.0000000000000000","8.500",0,NA,1,0,"e",0,"0,8","",2,9,"2,15","1,8","1.800",".630","3,87","1.1340000000000001",0,0,"",0,0,0,0,0,18,NA,0,13,12,75,NA,NA,NA,1,2,"",1,NA,1,1,"",0,0,"","","ei",1,1,2,1,0,"",0,NA,NA,0,1,NA,"6,25",0,NA,1,0,0.06,"17",8,9,"NSAIDS","3",4,"3",4,"3","4","2",2,23,23,2,"some",14,1,121,1,"9,09",1,89.39,1,107,1,0,2,0,2,11,0,8,2,0,19,21,0,"0,3",3.75,2.08,3.02,0.96,1.95,1,1,2,2,1,1,0,2,50,66,16.25,24.62,6,3.5,2,1.37,1,4.34,0
"",45,2,"KOSKINASULA","piglet",1102,43,0,0,7,2,3,"sol",1,1,2,1,1,"1","1",1,1,1,1,1,1,1,1,1,0,0,"no",0,1,1,1,1,"yes",1,1,0,1,"yes","trap","no","no","yes","no",0.5,"no",1,1,1,1,1,1,0,1,1,"2,4",2,"3","0",NA,1,1,2,1,0,1,1,0,1,0,0,1,"1","10","35","15",1,"OX",0,1,0,0,"",100,1,0,1,"0","7",1,"8",NA,NA,"0","4","1",100,0,"7","33","2","2",NA,28,NA,28,6,"2",5,2,1,3,"_NWS","10","0","1","0,5","5","6-20","10","GLO_LUBR","2","0,5","3","22","7-14",2,1,2,1,"20-50",NA,NA,"","","","1,9","0,6","1,14",1.9,0.6,1.14,3,NA,0,0,"",0,NA,NA,NA,NA,"18","",NA,"betmet",13,15,60,NA,NA,NA,2,NA,3,"0",NA,"0","",NA,0,0,2,0,0,1,0,"n","y","y","y","y","n","n",4,"1","0",1,"","8.750",0,NA,1,0,"e",0,"0,5","","",0,6,"500",44,"12","8","4","2,7","2,7",NA,"","","",1,25,1,0,"",1,1,0,NA,NA,18,NA,0,1,NA,13,80,NA,NA,NA,1,"",1,NA,1,45,"",3,NA,"","",1,1,1,0,0,1,20,0,6,".1700000000000000",0,NA,".1700000000000000","15.000",0,NA,1,30,"e",0,"","",7,36,"2,4","1,7","1.800",".600","4,08","1.0800000000000000",0,0,"",1,1,0,0,0,22,NA,0,35,2,10,NA,NA,NA,0,0,"",4,NA,0,0,"",1,1,"","","",0,0,1,0,0,"",0,NA,1,0,1,NA,"6.250",0,NA,1,0,0.01,"157",15,16,"NSAIDS_PEN","3",4,"3",3,"1","0","0",2,3,NA,5,"some",16,1,58,1,"15,75",1,56.21,1,42,1,5,10,5,1,0,0,4,4,19,24,220,0,"0,0",4.05,1.77,3.97,1.2,1.75,2,2,1,2,2,2,0,2,923,959,36.08,3.76,9,8.5,4,3.11,1,4.91,4.39
