"Alkup_jarj","Kayntikk","Haastrooli_1OmEiosall_2OmOsall_3Esimies","Tila","Tuotsuunta","Emakot","Ensikot","Lihasiat_tontilla","Karjut_astsiem","Karjut_haju","Tautsu","Tautsuok","Tautsu_012","Siilotkat","Tuhoei","Eikulkuih","Eikulkuel","Suojvar","Suojvarpuh","Kadetpesu","Toimsiis","Saappesu","Lasthu","Teurkuski_0paaseesikalaan_1eipaase","JOU_kertayt_0ei","JOU_tuotvaiherill_0ei","JOU_pesu_0ei","JOU_pesuaine_0ei","JOU_desinf_liu_0ei_1liuos_2kuiva","JOU_tyhjana_mi1vrk_0ei","PORSOSASTO_kertayt_0ei","PORS_tuotvaiherill_0ei","PORS_pesu_0ei","PORS_pesuaine_0ei","PORS_desinf_0ei_1LIU_2KUIVA","PORS_tyhjana_mi1vr_0ei","Raa_0ei_1kontti_2huone","Raa_auto_hakee_0ei","Raa_viilea_0ei","Raa_tuhoelain_1eipaase_0paaseesic","Tuhoeltorjun_0ei_1ki_2ko_3myr_4pyy_5ammatt_6muu","Tuhoelmerkkeja_0kylla_1ei","Lintuja_0kylla_1ei","Tuho_ohjelma","Kissoja","kissoja0on1ei","Kotielain_sikalaan_0kylla_1ei","Vesi_1kunn_0oma","VAR00003","Ery","Parvo","Koli","Sirko","ClC","ClA","SI","APP","Loish_krt_vuosi","Loisaika_1ennenpors_2_porskars","Uusiryh","Em_hakissa_yhdjal_0maxtunteja_1vrkjne","Virike_0ei_1ol_2hei_3saha_4tur_5sanom_lelu","Ton_tiheys_1aina_2jaetaan","Yhdistaggrtmp_1eiongelma_2tmp_3eitmp","Muutelkaynn_0ei_1_satunn_2kaynnmuusaann","maitokuume","metriitti","valuttelu","mastiitti","ontuma","syomattomyys","kuume","loukkaantuminen","Tiineet_NSAIDper100","Tiineet_ABper101","Pors_NSAIDper100","Pors_ABper100","Rutiinilaak_0ei_1oksit_2kaynn_3nsaidpors_4kokkid_6ppab","AB_rutiinilaak","Oksitosiini_rutiinisti","Kaynnistys_rutiinisti","NSAID_porsituksessa_rutiini","TH_erityista","Omat_ensikot_pros","OMATENSIKOT_0EI_1KYLLa","Ensikot_ostoika","Ensikk_valisiirtkars_ennensiem","Ensikk_kiihruok","Ensikk_karjukontaktialkaa","Ensikk_karjukontaktiensi_0hajutainako_1aidanlapi_2kars","siemika","Ensikk_yhdist_1ennsiem_2tiineena_3porsjalk_4tilantmuk","Karju_1astosastossa_2joutos_3ensikoidenos_4omaos","Kiimantark_ryhmakaytt","Kiimantarkalkaa_vrkvier","Kiimamerk_emakonselka","Kspros","Tilasiemen_pros","Kertasiem_pros","Triplasiem_pros","Siemkertaa_keskim","Kiimantark_postsiem","Emakotkiinni_postsiem_vrk","Postsiem_ryhmakaytt_havainnointi","Tiin_ultra1vrk","Tiin_ultra2","Tiin_ultra_1yhdesti_2kahdesti","Siirtoporskars","Kaynnistaminen_0ei_1rutiini_2yliaika_3ryhma_4satunnainen","Pesantekomat_koska","Pesantekomatmaara_1runsas_2jnkv_3niukka","Pesantekmat_1olki_2purukutteri_3sanomalehti","Oksitosiini_per10porsimista","Sisatutk_ennenoksitos","Oksitosiiniannos","Oksitos_vali","Oksitos_uusitaanmaxkrt","Porsapu_kymmenesta","Porsitusaputekn_1empesu_2kaspesu_3kasine_4liukaste","PorsitusNSAID_0ei_1rutiinisti_2tarvittaessa","Pahntasausika","Pahntasausmaara_per10pahn","Pors_lisarehuika","Ruoksu_0ei_1itse_2neuvoja_3kyllaeitietoa","Yksilöll_ruokinta","AS_1ast_jout_samassa_2asteiole","AS_er_os_lkm","AS_emkpl_peros","AS_kars_peros","AS_em_kars","AS_karspit","AS_karslev","AS_vapaatneliötperemo","AS_hakkipit","AS_hakkilev","AS_hakkineliot","AS_JOUTILASHaKKI_PIT","AS_JOUTILASHaKKI_LEV","AS_JOUTILASHaKKI_NELIoT","AS_pitotapa","AS_ryhmkayt","AS_meluton","AS_haittael_ei","AS_haittael_laatu","AS_ilma_aistin","AS_ilma_amm","AS_ilma_pöly","AS_ilma_muu","AS_kosteus","AS_C","AS_ulkoC","AS_valaistus","AS_alusta12345","AS_alusta_5_laatu","AS_latt_rakenne1234","AS_pr_kiintea","AS_pr_ritila","AS_pr_rako","AS_pr_viemar","AS_kuiv_mat12345","AS_kuiv_5_mika","AS_maara1234","AS_tonkimat123456","AS_tonkimat_6_mika","AS_lelu1234","AS_lelu_4mika","AS_mat_vaiht","AS_maara123","AS_annostelu1234","AS_lannanpoisto12","AS_rak_kunto","AS_latt_pitava","AS_sairkars","AS_pr_lika","AS_sk_parempi","AS_sk_kiintea","AS_sk_kuivike","AS_sk_siisti","AS_sk_kuiva","AS_sk_syörauha","AS_sk_juorauha","AS_ruoklaite12345","AS_ruokpaikka","AS_ruokpuht","AS_juomalaite123","AS_juonalkm","AS_vetta15s","AS_juomapuht","AS_juomatoim","AS_rauhallisuus123","AS_likaisuus","AS_hoitotarveKE","AS_stereo","AS_HAR_KA","AS_haava_ka","TII_1ast_jout_samassa_2asteiole","TII_er_os_lkm","TII_em_os","TII_kars_os","TII_em_kars","TII_karspit","TII_karslev","TII_neliötperemo","TII_valiseinat","TII_hakkipit","TII_hakkilev","TII_hakkineliot","TII_pitotapa","TII_ryhmkayt","TII_meluton","TII_haittael_ei","TII_haittael_laatu","TII_ilma_aistin","TII_ilma_amm","TII_ilma_pöly","TII_ilma_muu","TII_kosteus","TII_C","TII_ulkoC","TII_valaistus","TII_alusta12345","TII_alusta_5_laatu","TII_latt_rakenne1234","TII_pr_kiintea","TII_pr_ritila","TII_pr_rako","TII_pr_viemar","TII_kuiv_mat12345","TII_kuiv_5_mika","TII_maara1234","TII_pr_mak_alasta","TII_tonkimat123456","TII_tonkimat_6_mika","TII_lelu1234","TII_lelukomm","TII_lelu_4mika","TII_mat_vaiht","TII_maara123","TII_annostelu1234","TII_lannanpoisto12","TII_rak_kunto","TII_latt_pitava","TII_sairkars","TII_pr_lika","TII_ruok_0nonlock_1lock","TII_ruoklaite12345","TII_ruokpaikka","TII_ruokpuht","TII_juomalaite123","TII_juonalkm","TII_vetta15s","TII_juomapuht","TII_juomatoim","TII_rauhallisuus123","TII_likaisuus","TII_hoitotarveKE","TII_stereo","TII_HAR_KA","TII_haava_ka","POR_er_os_lkm","POR_em_os","POR_karspit","POR_karslev","POR_hakkipit","POR_hakkilev","Porskars_neliöt","Porshakki_neliot","POR_meluton","POR_haittael_ei","POR_haittael_laatu","POR_ilma_aistin","POR_ilma_amm","POR_ilma_pöly","POR_ilma_muu","POR_kosteus","POR_C","POR_ulkoC","POR_valaistus","POR_alusta_5_laatu","POR_latt_rakenne1234","POR_pr_kiintea","POR_pr_ritila","POR_pr_rako","POR_pr_viemar","POR_kuiv_mat12345","POR_kuiv_5_mika","POR_maara1234","POR_pr_mak_alasta","POR_tonkimat123456","POR_tonkimat_6_mika","POR_lelu1234","POR_lelukomm","POR_lelu_4mika","POR_mat_vaiht","POR_maara123","POR_annostelu1234","POR_lannanpoisto12","POR_rak_kunto","POR_latt_pitava","POR_sairkars","POR_pr_lika","POR_ruoklaite12345","POR_ruokpaikka","POR_ruokpuht","POR_juomalaite123","POR_juonalkm","POR_vetta15s","POR_juomapuht","POR_juomatoim","POR_rauhallisuus123","POR_likaisuus","Hajukarjut_per_emakko","Em_per_hajukarju","Tautisuojasumma","tAUTISUOJASUMMA_KISSA0P","VAR00001","Ontumalaak_1NSAID_2pen_3amox_4_trim_7tetrasykl_8seleeni","AB_teho_tilaka","TII_VIRMaa_0_ei_1pellel_2pelvir_3niukuihiemnvir_4riirunkuiv","TII_VIR_LELUKPL_0ei_1yksi_2kaksi_3kolme","AS_VIRMaa_0ei_1pellel_2pelvir_3niukuihiemvir_4riirunkuiv","AS_VIR_LELUKPL_0ei_1yksi_2kaksi_3kolme","POR_VIRMaa_0_ei_1pellel_2pelvir_3niukui_4riikuiv","POR_VIR_LELUKPL_0ei_1yksi_2kaksi_3kolme","Koulmax_1peru_2ops_3a_4amk_5yl","Kokemus_keskim","Kokemus_max","Työntek_kpl","Stressi_1erpal_4jnkv","EMKUOLLPR","EMKUOLLJAKO","EMPOISP","EMPOISJAKO","EMENKUOLLP","EMENKUOLLJAKO","EMENPOISP","EMENPOISJAKO","NIVELPROS","PAISEPROS","KEUHKOKPROS","KEUHTULPROS","MAKSAPROS","ELINPROS","MAKUUPROS","KOKOPROS","OSAPROS","JOKUHYLKPROS","EMAKOITA_PER_TYÖNTEK","Lihasikojatontilla_per_emakko","Ensikoiden_osuus","SQRT_EMKUOLLPR","LG10_EMPOISPR","SQRT_EMENSKUOLLPR","LG10_EMENSKUOLLPR","LG10_EMENSPOISPR","NIVEL_01","PAISE_01","MAKUU01","KOKO_01","OSA_01","JOKUHYLK_01","PLEUR_01","PNEUM_01","EMAKOT_REKIST","EMENS_REKIST","ENS_REKIST","ENSPROS_REKIST","EXT_BIOSEC_SCORE","INT_BIOSEC_SCOREB","tarkeatoireet_kpl","SQRT_PAISEPROS","SAIRKARS_AST_TII","SQRT_JOKUHYLK","SQRT_OSAPROS"
1,3,2,"ALHONMAATILA",1,600,150,0,0,4,1,1,2,1,1,1,0,1,1,1,1,1,1,1,0,0,0,0,0,1,1,1,1,1,1,1,12,1,1,1,13,0,0,1,1,0,0,1,NA,1,1,1,1,0,0,0,0,2.4,1,"3",0,1,2,2,1,1,1,1,0,1,1,1,1,1.5,1.5,100,3.5,13,0,1,0,1,"Syomattomyyt erit kesalla",90,1,3.5,0,0,7,NA,8,NA,1,0,NA,1,99,0,0,1,2.01,1,28,1,28,NA,1,6,4,6,3,1,10,1,0.8,0.5,2.5,5,134,1,0.5,9,7,2,1,2,2,180,0,NA,NA,NA,NA,2.35,0.65,NA,2.35,0.65,1.53,3,NA,NA,NA,"",NA,NA,NA,NA,NA,NA,NA,NA,NA,NA,NA,80,NA,NA,NA,NA,NA,NA,NA,NA,NA,"",NA,NA,NA,NA,NA,NA,0,30,NA,NA,NA,NA,NA,NA,NA,NA,NA,NA,NA,NA,NA,NA,NA,NA,20,"",1,NA,NA,NA,6,48,6,8,6,4,3,NA,NA,NA,NA,NA,NA,NA,NA,"",NA,NA,NA,NA,NA,NA,NA,NA,NA,NA,NA,70,NA,NA,NA,NA,"",NA,NA,NA,"",NA,NA,"",NA,NA,NA,"",NA,NA,0,10,0,3,1,NA,NA,NA,5.5,NA,NA,NA,20,"",0,NA,NA,6,28,NA,NA,2.4,0.9,NA,2.16,NA,NA,"",NA,NA,NA,NA,NA,NA,NA,NA,NA,NA,0,NA,NA,NA,NA,"",NA,"",NA,"",NA,"","",NA,NA,NA,NA,NA,NA,"",10,NA,NA,NA,NA,NA,4.75,NA,NA,NA,10,0.01,150,18,17,NA,12,2.86,3,1,0,0,0,0,4,5,5,4,4,5.23,0,34.07,0,4.41,0,28.74,0,2.2,7.14,1.65,2.2,0,0.55,3.85,1.65,12.64,19.23,150,0,0.25,2.29,1.53,2.1,0.64,1.46,2,2,2,2,2,2,0,2,631.08,748,116.92,15.63,10,8,7,2.67,0,4.39,3.55
2,5,2,"AALTO",2,37,38,250,0,1,0,0,0,1,0,1,1,1,1,1,1,1,1,1,0,1,0,0,0,0,1,1,1,0,1,0,1,1,1,0,13,0,0,0,3,0,0,1,NA,1,1,1,0,0,0,0,0,2.3,2,"3",NA,12,2,3,1,0,0,0,0,0,0,0,0,0,0,2,100,0,1,0,0,0,"Vahan ylimalkaisesti hoidetaan (ell). ongelmana valuttelu johon nyt rutiinilaakitys",100,1,NA,0,1,6,1,NA,1,12,1,0,NA,98,NA,8,2,1.94,1,0,1,28,NA,1,5,0,1.5,2,1,3.5,0,0.5,0.5,4,2,1234,NA,1,5,7,2,1,NA,NA,NA,NA,NA,NA,NA,NA,NA,NA,NA,NA,NA,NA,NA,NA,NA,NA,"",NA,NA,NA,NA,NA,NA,NA,NA,NA,NA,NA,NA,NA,NA,NA,NA,NA,NA,NA,NA,NA,"",NA,NA,NA,NA,NA,NA,NA,NA,NA,NA,NA,NA,NA,NA,NA,NA,NA,NA,NA,NA,NA,NA,NA,NA,NA,"",NA,NA,NA,2,1,27,1,27,6.1,9.5,2.1462962962963,1,NA,NA,NA,1,NA,0,0,"",0,0,0,0,0,18.85,NA,0,1,NA,13,85,0,44,0,15,"heina",2,NA,12,"",NA,NA,"",1,2,1,"1",0,0,1,0,NA,1,0.037037037037037,0,1,0.148148148148148,5.5,0,0,1,0,"e",0,0.15,0.85,1,10,2.3,2,2.4,0.9,4.6,2.16,1,0,"",0,0,0,0,0,18.225,NA,0,1,1,100,0,0,NA,14,"",3,"100",124,"",NA,"","",1,2,1,1,0,0,"1",30,NA,1,0,1,NA,7.625,0,0,1,20,0.03,37,14,13,NA,0,4,4,2,NA,NA,3,2,NA,NA,NA,NA,NA,5.44,0,38.1,0,5.07,0,35.52,0,0,0,0,0,0,0,7.69,0,0,7.69,NA,6.76,1.03,2.33,1.58,2.25,0.71,1.55,1,1,2,1,1,1,0,1,36.75,39.42,2.67,6.77,8,6,0,0,1,2.77,0
3,6,2,"CITYPORK",2,300,100,300,0,4,1,1,2,1,1,0,0,1,1,0,1,0,1,1,0,1,0,0,0,0,0,1,0,0,0,1,1,1,1,0,134,0,0,0,1,0,1,1,NA,1,1,1,0,0,0,0,0,2.4,2,"3",2,13,1,12,1,0,0,0,0,1,0,0,0,0.5,0.5,5,5,3,0,0,0,1,"",95,1,NA,1,0,7.5,1,8,3,12,1,5,1,100,95,0,10,2.1,1,2.5,1,22,8,2,4.5,4,4.5,2,12,2,0,0.5,NA,NA,0.5,134,1,0.5,4,3.5,12,1,NA,NA,NA,NA,NA,NA,NA,NA,NA,NA,NA,NA,NA,NA,3,NA,NA,NA,"",NA,NA,NA,NA,NA,NA,NA,NA,NA,NA,NA,NA,NA,NA,NA,NA,NA,NA,NA,NA,NA,"",NA,NA,NA,NA,NA,NA,NA,NA,NA,NA,NA,NA,NA,NA,NA,NA,NA,NA,NA,NA,NA,NA,NA,NA,NA,"",NA,NA,NA,2,1,NA,18,12,6.8,7.2,4.08,0,2.56,0.59,1.5104,12,5,0,1,"paaskynen",0,0,0,0,0,17.7,15,0,1,NA,12,99,NA,NA,NA,12,"",1,NA,15,"puru",NA,NA,"",1,1,1,"",0,0,NA,NA,0,25,1,0,1,0.285714285714286,2.75,0,0,1,10,"e",0,0,0.6,4,15,2.7,2.09,2.385,0.781,5.643,1.862685,0,1,"karp",0,0,0,0,0,23.75,15,0,123,12,50,50,0,NA,12,"",3,"",15,"kutterinpuru",NA,"","",1,2,2,NA,0,0,"1",NA,25,1,0,1,1,3,0,0,1,NA,0.01,75,12,11,NA,12,2.5,4,2,NA,NA,3,2,2,18,30,3,2,7.57,0,52.96,1,5.7,0,39.9,0,0,4.69,4.69,3.13,1.56,3.13,1.56,1.56,4.69,10.94,100,1,0.33,2.75,1.72,2.39,0.76,1.6,1,1,1,2,1,1,0,2,317.25,421,103.75,24.64,8,1,1,2.17,NA,3.31,2.17
4,6,1,"EK-PORSAS",1,550,0,0,0,6,1,1,2,1,1,1,0,1,NA,1,1,1,1,1,1,1,0,0,12,1,0,0,1,0,1,1,1,1,1,1,34,1,1,0,0,1,1,0,NA,1,1,1,0,0,0,0,0,2.3,2,"3",7,NA,NA,12,0,1,1,0,1,1,1,0,0,0.6,NA,5,4.5,16,1,1,0,0,"",0,0,7,0,0,7.5,0,7.5,3,3,1,0,1,100,0,10,10,2,1,35,NA,28,NA,1,7,4,7,2,NA,2.5,1,0.75,0.5,3.5,2.5,1234,2,0.5,25,5,2,1,2,1,100,1,NA,NA,NA,NA,2.375,0.66,NA,2.38,0.66,1.57,3,NA,NA,NA,"",NA,NA,NA,NA,NA,NA,NA,NA,NA,NA,NA,80,NA,NA,NA,NA,NA,NA,NA,NA,NA,"",NA,NA,NA,NA,NA,NA,NA,20,NA,NA,NA,NA,NA,NA,NA,NA,NA,NA,NA,NA,2.5,NA,NA,NA,10,"",0,NA,NA,NA,5,60,3,20,6.4,8,2.56,NA,2.5,0.75,1.875,NA,NA,NA,NA,"",NA,NA,NA,NA,NA,NA,NA,NA,NA,NA,NA,40,NA,NA,NA,NA,"",NA,NA,NA,"",NA,NA,"",NA,NA,NA,"",NA,NA,NA,20,1,4,1,NA,NA,0.15,4.3,NA,NA,NA,20,"",0,NA,NA,4,40,NA,NA,2.3,0.75,NA,1.725,NA,NA,"",NA,NA,NA,NA,NA,NA,NA,NA,NA,NA,60,NA,NA,NA,NA,"",NA,"",NA,"",NA,"","",NA,NA,NA,NA,NA,NA,"",20,NA,NA,NA,NA,NA,9,NA,NA,NA,10,0.01,91.67,16,17,NA,13,3,0,0,NA,NA,3,2,3,11,20,4,3,26.76,1,56.7,1,23.72,1,50.24,1,3.38,5.41,4.05,0,6.76,3.38,2.7,1.35,7.43,20.27,137.5,0,0,5.17,1.75,4.87,1.38,1.7,2,1,1,1,1,2,0,1,504.42,569.25,64.83,11.39,8,8,5,2.32,NA,4.5,2.73
5,4,2,"Emomylly",1,2100,710,0,6,4,1,1,2,1,1,0,0,1,1,1,1,1,1,0,0,1,0,1,0,0,1,1,1,1,1,1,1,0,1,NA,3,0,1,NA,0,1,NA,1,NA,1,1,1,0,0,0,0,0,2.3,1,"3",1,NA,NA,3,1,1,0,0,0,1,1,0,0,0.2,0.2,40,7.5,12,0,1,1,0,"",0,0,3,1,NA,7,1,8,3,1,1,1,1,100,50,0,15,2.15,1,NA,NA,28,10,2,7,2,2,3,3,10,0,1,1,NA,NA,34,2,1,50,6,1,1,NA,NA,NA,NA,NA,NA,NA,NA,2.5,0.7,NA,2.5,0.7,1.75,NA,NA,NA,NA,"",NA,NA,NA,NA,NA,NA,NA,NA,NA,NA,NA,70,NA,NA,NA,NA,NA,NA,NA,NA,NA,"",NA,NA,NA,NA,NA,NA,NA,40,NA,NA,NA,NA,NA,NA,NA,NA,NA,NA,NA,NA,3.5,NA,NA,NA,NA,"",0,NA,NA,NA,NA,NA,NA,12,6,7.6,3.8,NA,2.5,0.8,2,NA,NA,NA,NA,"",NA,NA,NA,NA,NA,NA,NA,NA,NA,NA,NA,70,NA,NA,NA,NA,"",NA,NA,NA,"",NA,NA,"",NA,NA,NA,"",NA,NA,NA,NA,0,5,1,NA,NA,0.083,5.5,NA,NA,NA,20,"",0,NA,NA,1,12,NA,NA,2.4,0.75,NA,1.8,NA,NA,"",NA,NA,NA,NA,NA,NA,NA,NA,NA,NA,10,NA,NA,NA,NA,"",NA,"",NA,"",NA,"","",NA,NA,NA,NA,NA,NA,"",20,NA,NA,NA,NA,NA,6,NA,NA,NA,15,0,525,15,16,NA,3,4,1,2,1,1,2,2,5,10,25,6,2,9.94,1,64.67,1,8.61,1,56.05,1,2.07,11.32,28.75,1.26,0,0.09,6.38,1.62,14.73,45.01,350,0,0.34,3.15,1.81,2.93,0.94,1.75,1,2,2,2,2,2,1,2,2042.58,2356.67,314.08,13.33,7,6,3,3.36,NA,6.71,3.84
6,7,1,"HARVANMaKI",2,60,30,130,0,2,1,1,2,1,0,0,1,1,1,0,1,0,1,1,0,0,0,0,0,0,0,1,1,0,2,1,0,0,0,1,3,0,1,0,2,0,0,1,NA,1,1,1,0,0,0,0,0,2,NA,"3",0,14,NA,1,1,1,1,0,0,0,1,0,0,0,0,0.5,0.25,13,0,1,0,1,"",100,1,NA,0,0,7.5,1,NA,4,12,1,0,1,90,0,10,0,1.9,1,NA,1,NA,NA,NA,7.5,4,0,2,12,8,0,1.5,2.5,2,1,1234,1,NA,NA,7,2,1,NA,NA,NA,NA,NA,NA,NA,NA,NA,NA,NA,NA,NA,NA,3,NA,NA,NA,"",NA,NA,NA,NA,NA,NA,NA,NA,NA,NA,NA,NA,NA,NA,NA,NA,NA,NA,NA,NA,NA,"",NA,NA,NA,NA,NA,NA,NA,NA,NA,NA,NA,NA,NA,NA,NA,NA,NA,NA,NA,NA,NA,NA,NA,NA,NA,"",NA,NA,NA,NA,NA,NA,NA,NA,NA,NA,NA,NA,0,NA,0,NA,NA,NA,NA,"",NA,NA,NA,NA,NA,NA,NA,NA,NA,NA,NA,0,NA,NA,NA,NA,"",NA,NA,NA,"",NA,NA,"",NA,NA,NA,"",NA,NA,NA,NA,NA,NA,NA,NA,NA,NA,NA,NA,NA,NA,0,"",NA,NA,NA,NA,NA,NA,NA,0,NA,NA,0,NA,NA,"",NA,NA,NA,NA,NA,NA,NA,NA,NA,NA,0,NA,NA,NA,NA,"",NA,"",NA,"",NA,"","",NA,NA,NA,NA,NA,NA,"",NA,NA,NA,NA,NA,NA,NA,NA,NA,NA,NA,0.03,30,12,11,NA,0,3,NA,NA,NA,NA,NA,NA,3,32,47,2,4,0,0,83.2,1,NA,NA,NA,NA,NA,NA,NA,NA,NA,NA,NA,NA,NA,NA,30,2.17,0.5,0,1.92,NA,NA,NA,NA,NA,NA,NA,NA,NA,NA,NA,43.92,62.5,18.58,29.73,8,3,3,NA,NA,NA,NA
7,4,2,"MIKKOLA",2,230,80,450,0,2,0,0,0,1,1,0,1,1,1,1,1,1,1,0,0,1,0,0,0,0,1,1,0,0,NA,0,1,1,1,1,34,0,1,0,0,1,1,0,NA,1,1,1,0,0,0,0,0,0,NA,"3",2,1,NA,NA,1,0,0,0,0,0,0,1,0,NA,1.5,30,30,0,0,0,0,0,"akkikuolemia",100,1,NA,1,NA,7,1,8,NA,3,1,NA,1,98,0,80,0,1.2,1,26,1,NA,NA,0,3,4,3,3,1,9,0,1,1,3,1.5,34,2,NA,8,7,12,1,2,1,42,NA,NA,NA,NA,NA,NA,NA,NA,NA,NA,NA,3,NA,NA,NA,"",NA,NA,NA,NA,NA,NA,NA,NA,NA,NA,NA,80,NA,NA,NA,NA,NA,NA,NA,NA,NA,"",NA,NA,NA,NA,NA,NA,1,20,NA,NA,NA,NA,NA,NA,NA,NA,NA,NA,NA,NA,9.5,NA,NA,NA,30,"",0,NA,NA,NA,1,120,6,20,7.2,6.5,2.34,NA,2.5,0.75,1.875,NA,NA,NA,NA,"",NA,NA,NA,NA,NA,NA,NA,NA,NA,NA,NA,80,NA,NA,NA,NA,"",NA,NA,NA,"",NA,NA,"",NA,NA,NA,"",NA,NA,NA,NA,1,4,1,NA,NA,1,8.8,NA,NA,NA,20,"",0,NA,NA,4,18,NA,NA,2.4,0.9,NA,2.16,NA,NA,"",NA,NA,NA,NA,NA,NA,NA,NA,NA,NA,10,NA,NA,NA,NA,"",NA,"",NA,"",NA,"","",NA,NA,NA,NA,NA,NA,"",NA,NA,NA,NA,NA,NA,5.25,NA,NA,NA,30,0.01,115,12,13,NA,0,2.25,2,1,3,1,3,2,5,25,40,3,4,16.53,1,46.56,0,13.75,1,38.71,0,2.9,14.49,10.14,1.45,1.45,0,7.25,7.25,15.94,31.88,76.67,1.96,0.35,4.07,1.67,3.71,1.14,1.59,2,2,2,2,2,2,1,2,229.83,276.42,46.58,16.85,6,5,1,3.81,1,5.65,3.99
8,10,2,"Rantaheikkila",1,200,30,0,0,1,0,0,0,0,1,1,0,1,0,0,1,0,1,0,0,0,0,0,0,0,0,1,1,0,12,1,1,1,1,0,13,1,1,0,0,1,1,1,NA,1,1,1,0,0,0,0,0,NA,1,"3",NA,13,1,1,0,1,1,0,0,1,1,0,0,0.5,0.5,1,1,3,0,0,0,1,"",0,0,4.5,0,1,7,NA,8,3,2,1,3,NA,100,0,5,5,2,1,35,1,35,NA,1,5.5,0,2,1,13,6,1,0.3,0.8,4,2,34,1,1,43,6,NA,0,2,2,54,0,NA,NA,NA,0,2.4,0.77,1.848,2.4,0.77,1.85,3,4,0,1,"karp",1,1,0,0,0,17.15,2,0,1,NA,13,59,41,0,0,1,NA,2,1,NA,4,"ketju",1,2,1,2,1,0,1,30,0,0,0,0,0,0,0,4,1,1,1,1,8.25,1,0,1,30,"e",0,0.6,1.7,0,2,60,3,20,7.2,6.5,2.34,0,2.6,0.6,1.56,1,5,0,0,"",0,0,0,0,0,12.25,NA,0,NA,NA,1,100,0,0,0,1,"",1,100,1,"",NA,NA,"",1,1,1,"1",0,0,1,0,0,5,1,0,1,1,5,0,0,1,10,"e",0,0.6,0.7,2,52,2.7,1.95,2.25,0.7,5.265,1.575,1,1,"karp",0,0,0,0,0,19.65,NA,0,12,12,60,10,0,NA,12,"",2,"80",16,"puulastu",NA,"","",1,2,3,2,0,0,"0",NA,NA,1,1,1,1,10.75,0,0,1,10,0.01,200,8,9,NA,0,2,4,2,4,3,4,2,3,6,13,2,4,13.39,1,44.04,0,11.94,1,38.42,0,4.23,0,1.41,0,0,0,0,0,4.23,4.23,100,0,0.15,3.66,1.64,3.45,1.08,1.58,2,1,1,1,1,1,0,1,231.58,268.08,36.5,13.62,4,4,4,0,1,2.06,2.06
9,5,1,"HOKUNI",2,100,0,500,0,2,0,0,0,1,0,1,0,1,NA,1,NA,1,1,1,0,0,0,NA,NA,0,1,1,1,0,NA,0,1,1,1,1,3,0,1,0,0,1,1,NA,NA,1,1,1,0,0,0,0,0,2.4,2,"3",0,1,2,3,0,0,1,0,0,1,0,0,0,NA,NA,NA,NA,0,0,0,0,0,"",90,1,7,0,1,NA,NA,8,2,1,NA,0,1,98,0,0,0,2,1,4,NA,28,NA,1,5,0,5,NA,NA,4,0,1.25,0.5,2.5,0.01,134,2,0.5,12,NA,NA,0,1,1,34,0,NA,NA,NA,0,2.35,0.75,1.7625,2.35,0.75,1.76,3,NA,1,0,"0",0,0,0,0,0,27.525,NA,0,NA,NA,NA,90,NA,NA,NA,NA,NA,NA,NA,NA,NA,"",NA,3,NA,2,0,0,0,NA,0,0,0,0,0,0,0,0,0,0,1,1,7.75,0,0,1,10,"e",0,0.2,0.5,1,1,66,4,16.5,8.6,6.5,3.38787878787879,0,2.4,0.6,1.44,1,5,1,0,"",0,0,0,0,0,27.525,NA,0,NA,NA,NA,67,NA,NA,NA,NA,"",NA,NA,1,"",NA,NA,"",NA,2,4,"2",0,0,0,20,1,4,1,0,1,0.12,4,0,0,1,30,"e",0,0,0.4,1,22,NA,NA,2.4,0.85,NA,2.04,0,0,"",0,0,0,0,0,26.85,NA,0,NA,NA,55,0,0,NA,NA,"",NA,"20",1,"",NA,"","",1,2,4,2,0,0,"1tarv.porskarsinaan",30,NA,NA,0,1,NA,7.75,0,0,1,NA,0.02,50,10,11,NA,12,2,2,1,2,1,2,1,3,6,11,2,3,0,0,63.76,1,NA,NA,NA,NA,NA,NA,NA,NA,NA,NA,NA,NA,NA,NA,50,5,0,0,1.8,NA,NA,NA,NA,NA,NA,NA,NA,NA,NA,NA,94,99.67,5.67,5.69,NA,6,2,NA,0,NA,NA
10,8,2,"HONKARANTA",1,420,30,10,0,2,1,0,1,1,0,1,1,1,1,1,0,1,1,1,1,1,0,0,0,0,1,1,1,0,1,0,1,0,1,1,3,0,1,0,4,0,NA,1,NA,1,1,1,1,0,0,0,0,2.4,1,"3",0,14,1,2,1,0,0,0,0,1,1,0,1,0.25,0.25,25,7.5,1,0,1,0,0,"Huono kasvu valikasv",0,0,NA,1,0,7,2,8,3,1,NA,1,1,100,0,2,3,2.01,1,24,NA,25,NA,1,5,2,3,2,3,5,0,1,0.5,8,5,1234,2,1,50,0,2,1,2,1,144,0,NA,NA,NA,NA,2.5,0.75,NA,2.5,0.75,1.88,3,5,1,1,"karp",0,0,0,0,0,24.5,25,0,12,NA,12,80,20,0,0,NA,NA,4,NA,NA,NA,"",NA,3,NA,1,0,0,NA,20,1,0,0,1,1,0,0,4,1,0,1,1,6.25,0,0,1,NA,"e",0,0,1.5,0,3,72,2,36,7.35,17,3.47083333333333,0,2,0.58,1.16,1,5,1,1,"karp",0,0,0,0,0,24.675,25,0,1,NA,1,100,0,0,0,14,"",1,NA,14,"",NA,NA,"",1,1,NA,"2",0,0,NA,20,1,4,1,0,1,0.0555555555555556,6.3,0,0,NA,10,"",0,0.7,0.6,2,20,2.8,1.9,0.7,2.75,5.32,1.925,1,1,"karp",0,0,0,0,0,23.6,25,0,23,12,30,70,0,NA,5,"sanomalehti pesantekoon",4,"0",5,"",NA,"","",1,NA,NA,1,0,0,"",NA,NA,NA,0,1,1,5,0,0,1,NA,0,210,15,14,NA,13,2,4,2,0,0,3,2,3,12,12,3,1,6.23,0,33.74,0,5.89,0,31.92,0,0.87,5.22,0.87,0.87,0,0,7.83,3.48,14.78,18.26,140,0.02,0.07,2.5,1.53,2.43,0.77,1.5,1,1,2,2,2,1,0,1,385.33,407.25,21.92,5.38,8,8,3,2.28,NA,4.27,3.84
11,4,2,"Isotalo",1,81,19,32,0,1,0,0,0,1,1,0,0,1,1,0,1,0,1,1,0,0,0,0,0,0,0,1,1,0,12,1,1,0,NA,0,134,0,1,0,1,0,0,1,NA,1,1,1,0,0,0,0,0,2.1,2,"XMuuten. miten TILANTEEN MUKAAN 1- XKAPPALETTA SIIRRETaaN. MYoS ENSIKOITA SIIRRETaaN ONGELMITTA",NA,12356,1,2,0,1,1,0,0,1,0,0,0,3,2,100,1,3,0,0,0,1,"utarehaavaumat",100,1,NA,1,1,6.5,NA,9.5,4,12,1,NA,1,90,0,0,5,2.05,1,21,NA,NA,NA,NA,3.5,0,3.5,1,123,1,1,0.75,0.75,3.5,1,124,NA,1.5,10,7,1,1,1,1,75,0,NA,NA,NA,NA,2.3,0.66,NA,2.3,0.66,1.52,3,NA,NA,NA,"",NA,NA,NA,NA,NA,NA,NA,NA,NA,NA,NA,80,NA,NA,NA,NA,NA,NA,NA,NA,NA,"",NA,NA,NA,NA,NA,NA,1,0,NA,NA,NA,NA,NA,NA,NA,NA,NA,NA,NA,NA,3,NA,NA,NA,20,"",0,NA,NA,NA,1,75,7,8,6.9,3.75,3.234375,NA,2.25,0.77,1.73,NA,NA,NA,NA,"",NA,NA,NA,NA,NA,NA,NA,NA,NA,NA,NA,70,NA,NA,NA,NA,"",NA,NA,NA,"",NA,NA,"",NA,NA,NA,"",NA,NA,1,0,1,46,1,NA,NA,1,2.8,NA,NA,NA,20,"",0,NA,NA,1,24,NA,NA,2.25,0.77,NA,1.7325,NA,NA,"",NA,NA,NA,NA,NA,NA,NA,NA,NA,NA,55,NA,NA,NA,NA,"",NA,"",NA,"",NA,"","",NA,NA,NA,NA,NA,NA,"",20,NA,NA,NA,NA,NA,4.75,NA,NA,NA,NA,0.01,81,10,9,NA,12,3,4,3,4,3,0,NA,3,30,30,2,1,8.7,0,38.04,0,7.84,0,31.35,0,0,3.7,11.11,0,0,0,7.41,0,3.7,18.52,40.5,0.4,0.23,2.95,1.58,2.8,0.89,1.5,1,1,2,1,1,1,1,1,92,114.83,22.83,19.88,6,2,3,1.92,1,4.3,1.92
12,6,2,"JOKELA",2,220,20,94,0,2,1,0,1,1,1,1,1,1,1,0,1,0,1,0,1,1,0,0,0,0,1,1,1,0,1,1,1,1,1,1,13,0,1,0,1,0,1,1,NA,1,1,1,1,0,0,1,0,2.3,1,"3",0,NA,1,12,1,0,1,0,0,1,1,0,1,1,0.75,6,0.5,0,0,0,0,0,"",70,1,7,1,0,8,1,NA,2,1,1,0,1,100,0,10,0,1.9,1,24,0,28,NA,1,4,0,4,2,3,3,0,1,0.75,2,1.5,34,2,1,7.5,3,2,1,2,1,72,72,NA,NA,NA,0,2.255,0.724,1.63262,2.26,0.72,1.63,3,NA,1,1,"karp",1,1,0,0,0,19.6,NA,0,12,NA,12,80,25,0,0,NA,NA,4,1,NA,NA,"",1,2,NA,2,0,0,NA,NA,1,0,0.5,1,0,0,0,4,1,0,1,NA,5.375,0,0,1,NA,"",1,1.27272727272727,1,0,1,80,8,10,8,3.34,2.672,NA,2.324,0.741,1.722084,2,NA,0,1,"pikkukarp",1,1,0,0,0,17.025,NA,0,1,NA,13,65,NA,NA,NA,1,"",4,NA,1,"",NA,NA,"",1,2,NA,"?",0,0,1,100,0,5,1,0,1,1,3.8,0,0,1,40,"e",1,0.533333333333333,0.266666666666667,5,12,2.54,1.67,2.186,0.749,4.2418,1.637314,1,1,"karp",0,NA,NA,NA,0,20.975,NA,0,1235,12,20,80,0,NA,NA,"",4,"",5,"",2,"possuilla","",1,2,2,2,0,1,"?",10,NA,1,NA,1,1,11,0,0,1,10,0.01,110,15,14,NA,12,2,2,1,2,1,2,2,2,5,10,2,1,5.49,0,41.17,0,5.06,0,37.96,0,2.56,15.38,1.28,1.28,0,6.41,2.56,0,34.62,34.62,110,0.43,0.09,2.34,1.61,2.25,0.7,1.58,2,2,1,1,2,2,0,2,218.58,237.08,18.5,7.8,8,7,4,3.92,1,5.88,5.88
13,9,2,"KOUVO",2,750,400,3000,3,2,1,0,1,1,1,0,1,1,1,0,1,1,1,1,0,0,0,0,0,0,1,1,1,1,12,1,1,1,1,1,123,0,0,NA,5,0,0,0,NA,1,1,1,1,1,0,0,0,2.3,1,"3",0,1,NA,12,0,1,0,0,0,0,0,0,0,NA,NA,NA,NA,0,0,0,0,0,"",0,0,3.5,0,1,NA,1,8.5,3,1,NA,0,1,100,100,0,10,2.1,1,28,NA,25,NA,1,3.5,NA,1,NA,NA,NA,NA,NA,NA,NA,NA,NA,NA,NA,NA,NA,NA,0,2,1,NA,0,NA,NA,NA,0,2.25,0.8,1.8,2.25,0.8,1.8,3,4,1,1,"karp",1,1,0,0,0,22.5,19,0,12,NA,12,75,33,0,0,NA,NA,4,NA,NA,4,"ketju",1,NA,NA,2,0,0,NA,NA,NA,NA,NA,NA,NA,NA,NA,4,1,1,1,1,NA,0,NA,1,20,"e",0,1.8,1.8,0,NA,NA,NA,18,7.7,4.7,2.01055555555556,0.5,NA,NA,NA,2,125,1,1,"karp",1,1,0,0,0,20.5,NA,0,1,NA,12,72,28,0,0,NA,"",4,NA,NA,"",4,NA,"kanisterit",1,NA,NA,"2",1,1,NA,80,0,3,1,0,1,0.2,1,0,0,1,80,"e",0,1.4,1,NA,NA,NA,NA,2.4,0.75,NA,1.8,1,1,"hiiria. karpasia",0,0,0,0,0,25.5,NA,0,12,12,50,50,0,NA,2,"",3,"20",NA,"",4,"","ketju",1,NA,NA,2,0,0,"",NA,NA,NA,0,1,NA,1,0,1,1,80,0,375,14,13,NA,0,NA,1,1,1,1,3,2,3,6,8,7,3,9.82,1,79.39,1,7.84,0,63.39,1,3.66,5.75,26.31,0.7,1.39,0.87,6.79,5.23,10.45,43.73,107.14,4,0.53,3.13,1.9,2.8,0.89,1.8,2,1,2,2,1,2,1,1,825.08,1033.25,208.17,20.15,6,6,1,2.4,NA,6.61,3.23
14,6,2,"Jarvenmaa",2,53,1,56,0,1,1,1,2,1,1,1,0,1,1,1,1,0,1,0,1,1,1,NA,2,1,0,1,1,0,1,1,1,1,1,1,34,0,1,NA,3,0,1,1,NA,1,1,1,0,0,0,0,0,2.4,NA,"3",0,123,1,12,0,1,0,0,0,0,0,0,1,2,2,100,3,3,0,0,0,1,"",0,0,6,1,0,7,1,8,3,12,1,NA,0,100,NA,5,5,2,1,NA,1,28,NA,1,7,3,NA,NA,1,NA,0,0.9,0.5,3,1,134,NA,0.5,2,NA,2,1,NA,NA,NA,NA,NA,NA,NA,NA,NA,NA,NA,NA,NA,NA,NA,NA,NA,NA,"",NA,NA,NA,NA,NA,NA,NA,NA,NA,NA,NA,NA,NA,NA,NA,NA,NA,NA,NA,NA,NA,"",NA,NA,NA,NA,NA,NA,NA,NA,NA,NA,NA,NA,NA,NA,NA,NA,NA,NA,NA,NA,NA,NA,NA,NA,NA,"",NA,NA,NA,NA,1,24,4,6,4.15,3.42,2.3655,NA,2.15,0.53,1.1395,NA,NA,NA,NA,"",NA,NA,NA,NA,NA,NA,NA,NA,NA,NA,NA,100,NA,NA,NA,NA,"",NA,NA,NA,"",NA,NA,"",NA,NA,NA,"",NA,NA,1,0,NA,34,NA,NA,NA,0.67,8.5,NA,NA,NA,10,"",0,NA,NA,1,NA,NA,NA,NA,NA,NA,NA,NA,NA,"",NA,NA,NA,NA,NA,NA,NA,NA,NA,NA,100,NA,NA,NA,NA,"",NA,"",NA,"",NA,"","",NA,NA,NA,NA,NA,NA,"",0,NA,NA,NA,NA,NA,8.5,NA,NA,NA,0,0.02,53,16,15,NA,0,2.25,4,3,NA,NA,4,2,3,28,28,2,4,7.83,0,NA,NA,NA,NA,NA,NA,NA,NA,NA,NA,NA,NA,NA,NA,NA,NA,26.5,1.06,0.02,2.8,NA,NA,NA,NA,NA,NA,NA,NA,NA,NA,NA,NA,51.08,100.08,49,48.96,8,6.5,2,NA,1,NA,NA
15,6,2,"JUUSTI",2,570,100,3000,0,6,0,0,0,0,0,0,1,1,1,0,NA,0,1,0,0,1,0,0,0,0,0,1,0,0,2,1,1,1,1,0,13,0,1,0,1,0,1,1,NA,1,1,1,1,0,0,0,0,2.3,1,"3",0,16,NA,12,1,1,0,0,0,1,0,0,0,0,0,6,6,0,0,0,0,0,"",100,1,NA,0,NA,NA,0,NA,3,1,1,NA,1,100,0,0,5,2.05,0,35,1,NA,NA,NA,5,0,NA,2,12,5,0,1,0.75,3,1,34,2,0.5,5,4,12,1,2,1,NA,0,NA,NA,NA,0,2.65,0.75,1.9875,2.65,0.75,1.99,3,5,1,1,"hiiret. karpaset",1,1,0,0,0,18.75,10,1,1,NA,13,70,0,30,0,1,3,NA,1,NA,4,"kettinki",1,2,1,2,0,0,0,40,1,0,0,0,0,1,1,4,4,1,1,1,4,0,0,1,35,"e",0,0.0454545454545455,1.61904761904762,0,2,75,10,7,5.5,3.9,3.06428571428571,0,2.4,0.75,1.8,2,5,1,1,"hiiret. karpaset",0,0,0,0,0,20.55,10,0,1,NA,13,50,0,50,0,1,"",3,NA,1,"",4,NA,"kettinki",1,2,1,"2",0,0,NA,20,1,4,1,0,1,1,4.5,0,2,1,0,"e",0,0,0.529411764705882,2,75,2.5,2,2.4,0.75,5,1.8,0,1,"karp",0,0,0,0,0,22.25,10,1,12,12,50,50,0,NA,12,"2",NA,"80",16,"puru",4,"kettinki","1",2,NA,1,2,0,0,"0",20,NA,NA,0,1,1,13.5,0,0,1,20,0.01,95,7,6,NA,12,2,3,3,2,2,1,1,3,30,40,4,4,8.78,0,50.46,1,7.72,0,44.41,1,1.54,3.85,1.92,0.38,0,0,1.15,0.77,7.69,8.46,142.5,5.26,0.18,2.96,1.7,2.78,0.89,1.65,1,1,1,1,1,1,0,1,683.67,776.83,93.17,11.99,4,3,2,1.96,0,2.91,2.77
16,5,2,"Toivolantila",2,40,20,190,0,1,1,1,NA,1,1,1,0,1,NA,0,NA,0,0,1,0,1,1,0,12,0,0,1,1,0,12,0,NA,NA,NA,NA,3,NA,NA,NA,0,1,1,0,NA,1,1,1,1,0,0,0,0,1,NA,"3",NA,2,2,2,0,0,1,0,0,1,1,0,0,NA,NA,NA,NA,0,0,0,0,0,"",0,0,7,0,0,NA,2,8,3,1,1,0,0,100,0,0,10,2.1,1,28,0,NA,NA,0,7,0,7,2,1,0,NA,NA,NA,NA,1,34,2,2.5,4.5,21,2,1,1,1,NA,NA,NA,NA,NA,NA,2.3,0.7,NA,2.3,0.7,1.61,3,NA,NA,NA,"",NA,NA,NA,NA,NA,NA,NA,NA,NA,NA,NA,70,NA,NA,NA,NA,NA,NA,NA,NA,NA,"",NA,NA,NA,NA,NA,NA,1,30,NA,NA,NA,NA,NA,NA,NA,NA,NA,NA,NA,NA,3.75,NA,NA,NA,30,"",0,NA,NA,NA,1,NA,NA,NA,NA,NA,NA,NA,NA,NA,NA,NA,NA,NA,NA,"",NA,NA,NA,NA,NA,NA,NA,NA,NA,NA,NA,43,NA,NA,NA,NA,"",NA,NA,NA,"",NA,NA,"",NA,NA,NA,"",NA,NA,1,30,0,3,NA,NA,NA,NA,4.8,NA,NA,NA,30,"",0,NA,NA,2,16,NA,NA,2.1,0.8,NA,1.68,NA,NA,"",NA,NA,NA,NA,NA,NA,NA,NA,NA,NA,60,NA,NA,NA,NA,"",NA,"",NA,"",NA,"","",NA,NA,NA,NA,NA,NA,"",40,NA,NA,NA,NA,NA,4,NA,NA,NA,30,0.03,40,7,8,NA,0,3,3,3,3,2,4,3,3,25,20,2,3,3.68,0,25.73,0,3.58,0,25.04,0,0,0,0,0,0,0,0,0,0,0,20,4.75,0.5,1.92,1.41,1.89,0.55,1.4,1,1,1,1,1,1,0,1,54.42,55.92,1.5,2.68,5,4,3,0,1,0,0
17,4,2,"Lassas",2,150,20,500,0,1,0,0,0,0,0,0,1,1,NA,1,NA,1,1,0,0,1,0,0,0,0,0,1,1,1,2,0,1,0,1,NA,3,0,0,0,1,0,1,0,NA,1,1,0,0,0,0,0,0,2,NA,"",0,1,1,3,0,1,0,0,0,1,1,0,0,0.5,2.5,0.5,2,0,0,0,0,0,"pikkuporsaskuolleisuus",0,0,3,0,1,6.5,NA,8,NA,1,0,NA,1,100,0,10,10,2,0,31,NA,25,NA,1,3,4,3,3,12,2,0,0.75,0.5,2,1,134,2,0.5,10,5,2,1,2,1,40,0,NA,NA,NA,0,2.4,0.65,1.56,2.4,0.65,1.56,3,1,1,0,"",0,0,0,0,0,20.9,25,0,1,NA,13,80,0,20,0,12,NA,3,1,NA,NA,"",1,2,3,NA,0,0,NA,30,0,0,0,0,0,0,0,NA,NA,NA,NA,NA,6.75,0,0,0,30,"e",0,NA,NA,0,1,80,13,7,5.35,3.7,2.82785714285714,0,2.1,0.51,1.071,13,5,1,0,"",0,0,0,0,0,21.15,25,0,1,NA,1,100,0,0,0,1,"",2,90,1,"",NA,NA,"",1,1.5,1,"",0,1,NA,30,1,4,1,0,1,1,6.5,0,0,1,30,"e",0,NA,NA,1,40,3.7,2.5,2.1,0.8,9.25,1.68,NA,0,"",0,0,0,0,0,22.25,25,0,123,12,50,50,0,NA,2,"",2,"100",1,"",NA,"","",1,2,3,NA,0,1,"",20,NA,1,0,1,1,NA,0,NA,1,NA,0.01,150,8,7,NA,13,1.67,4,2,3,2,4,2,3,40,40,2,4,7.7,0,47.61,0,6.24,0,38.59,0,1.75,7.02,14.04,1.75,0,0,7.02,5.26,15.79,33.33,75,3.33,0.13,2.78,1.68,2.5,0.8,1.59,1,2,2,2,2,2,1,2,142.83,176.2,33.37,18.94,3,4,3,2.65,NA,5.77,3.97
18,6,2,"KONTIAINEN",1,40,11,12,0,1,1,1,2,1,0,1,1,1,1,0,1,1,1,1,0,0,0,0,0,0,0,0,0,0,2,0,0,1,0,0,3,1,1,0,0,1,1,0,NA,1,1,NA,0,0,0,0,0,2.3,1,"3",0,2,NA,2,1,1,0,0,0,1,0,0,1,NA,NA,NA,NA,0,0,0,0,0,"",100,1,NA,0,0,3,0,8,3,NA,1,NA,0,100,NA,0,0,2,1,NA,1,NA,NA,0,3,0,3,2,1,5,0,1.5,1.75,2.5,0.01,1234,2,2.5,1.5,NA,3,0,1,2,14,6,2.5,3.31,2.67,3.53508,NA,NA,NA,NA,NA,NA,2,0,0,1,"karp",0,0,0,0,0,21.5,NA,0,1,0,13,NA,NA,NA,NA,1,3,0,12,NA,2,"0",0,2,0,0,0,0,NA,10,0,0,0,0,0,0,0,NA,NA,0,1,2.25,5.875,0,0,1,0,"e",0,NA,NA,1,2,14,6,2.5,3.31,2.67,3.53508,0,NA,NA,NA,2,NA,0,1,"karp",0,0,0,0,0,21.5,NA,0,1,NA,13,100,NA,NA,NA,1,"",3,NA,12,"",2,NA,"",NA,2,NA,"",0,0,NA,10,0,3,NA,0,1,2.25,5.875,0,0,1,NA,"e",0,NA,NA,1,12,2.835,2.459,2.005,0.932,6.971265,1.86866,0,0,"",0,0,0,0,0,21.575,NA,0,1,1,100,0,0,NA,12,"1",NA,"",1,"",NA,"","",1,1,1,1,0,0,"1",0,3,1,0,1,1,7.625,0,0,1,NA,0.03,40,11,12,NA,1,2.33,3,3,3,3,2,1,4,25,40,4,3,2.19,0,30.71,0,1.82,0,25.42,0,0,0,0,0,0,0,0,0,0,0,10,0.3,0.28,1.48,1.49,1.35,0.26,1.41,1,1,1,1,1,1,0,1,45.58,55.08,9.5,17.25,8,4,3,0,0,0,0
19,10,2,"KURIKKAOJA",1,260,20,20,0,4,1,1,2,1,1,1,1,1,1,1,1,1,1,1,0,1,0,1,NA,0,1,1,1,1,2,0,1,1,1,0,1234,1,1,0,1,0,NA,0,NA,1,1,1,0,0,0,0,0,2.4,2,"3",0,1,1,NA,1,1,0,0,1,0,0,0,0,1,1,18,18,1,0,1,0,0,"",100,1,NA,0,1,NA,NA,8,3,123,1,NA,0,100,0,5,0,1.95,1,35,1,NA,NA,0,7,3,7,NA,1,3,1,0.85,1,4,2,234,2,1,13,NA,NA,0,2,1,72,NA,NA,NA,NA,NA,3.2,1.1,NA,NA,NA,NA,3,NA,NA,NA,"",NA,NA,NA,NA,NA,NA,NA,NA,NA,NA,NA,65,NA,NA,NA,NA,NA,NA,NA,NA,NA,"",NA,NA,NA,NA,NA,NA,0,20,NA,NA,NA,NA,NA,NA,NA,NA,NA,NA,NA,NA,NA,NA,NA,NA,0,"",0,NA,NA,NA,1,100,1,100,NA,NA,NA,NA,NA,NA,NA,NA,NA,NA,NA,"",NA,NA,NA,NA,NA,NA,NA,NA,NA,NA,NA,75,NA,NA,NA,NA,"",NA,NA,NA,"",NA,NA,"",NA,NA,NA,"",NA,NA,NA,NA,NA,1,1,NA,NA,NA,7,NA,NA,NA,20,"",0,NA,NA,3,30,NA,NA,3.1,1,NA,3.1,NA,NA,"",NA,NA,NA,NA,NA,NA,NA,NA,NA,NA,10,NA,NA,NA,NA,"",NA,"",NA,"",NA,"","",NA,NA,NA,NA,NA,NA,"",10,NA,NA,NA,NA,NA,12.5,NA,NA,NA,0,0.02,65,16,15,NA,0,2.5,4,3,2,2,2,2,3,14,25,3,1,4.94,0,42.52,0,4.16,0,33.56,0,2.02,4.04,1.01,0,0,2.02,2.02,1.01,8.08,11.11,86.67,0.08,0.08,2.22,1.63,2.04,0.62,1.53,1,1,1,1,1,1,0,1,263.42,336.67,73.25,21.76,9.5,5.5,2,2.01,0,3.33,2.84
20,2,2,"ANTILA",1,105,20,30,0,1,0,0,0,1,1,0,0,1,1,0,NA,1,1,1,0,1,0,0,0,0,0,0,1,0,0,1,1,1,1,1,34,1,1,NA,1,0,1,1,NA,1,1,1,0,0,0,0,0,2.4,1,"3",0,1,NA,3,2,0,1,0,1,1,0,0,0,3.5,1,100,8,34,0,0,0,1,"",80,1,5,NA,NA,NA,NA,7,3,1,1,0,0,99,0,5,5,2,1,NA,1,NA,NA,NA,6,4,4,NA,NA,9,0,1,1,3,1,134,1,1,8,6.5,2,1,2,1,10,1,NA,4.4,7,3.08,1.8,0.66,NA,NA,NA,NA,13,NA,NA,NA,"",NA,NA,NA,NA,NA,NA,NA,NA,NA,NA,NA,60,NA,NA,NA,NA,NA,NA,NA,NA,NA,"",NA,NA,NA,NA,NA,NA,0,0,NA,NA,NA,NA,NA,NA,NA,NA,NA,NA,NA,NA,4.5,NA,NA,NA,0,"",1,NA,NA,NA,1,70,6,20,7,4.4,1.54,NA,1.8,0.66,1.188,NA,NA,NA,NA,"",NA,NA,NA,NA,NA,NA,NA,NA,NA,NA,NA,100,NA,NA,NA,NA,"",NA,NA,NA,"",NA,NA,"",NA,NA,NA,"",NA,NA,NA,10,1,4,NA,NA,NA,0.12,2.8,NA,NA,NA,10,"",0,NA,NA,2,NA,NA,NA,1.9,0.6,NA,1.14,NA,NA,"",NA,NA,NA,NA,NA,NA,NA,NA,NA,NA,60,NA,NA,NA,NA,"",NA,"",NA,"",NA,"","",NA,NA,NA,NA,NA,NA,"",30,NA,NA,NA,NA,NA,14,NA,NA,NA,30,0.01,105,10,9,NA,12,2.5,4,2,2,NA,3,2,4,20,20,1,4,6.99,0,44.57,0,6.11,0,38.96,0,4.65,16.28,0,0,0,0,4.65,2.33,27.91,27.91,105,0.29,0.19,2.64,1.65,2.47,0.79,1.59,2,2,2,2,2,2,0,1,114.42,130.92,16.5,12.6,6,3,3,4.03,0,5.28,5.28
21,6,1,"LATVALA",2,1000,156,0,0,6,1,1,2,1,1,1,1,1,1,1,1,1,1,1,0,1,0,0,0,0,0,0,1,0,1,1,1,0,1,1,3,1,1,0,0,1,1,1,NA,1,1,1,1,0,0,0,1,2.3,2,"3",0,16,NA,12,0,0,0,0,0,0,0,0,0,NA,NA,NA,NA,0,0,0,0,0,"",100,1,NA,1,NA,NA,1,NA,3,12,NA,NA,NA,100,90,NA,NA,2,1,4,NA,26,NA,1,NA,2,NA,NA,NA,9,0,1,1,NA,NA,34,NA,NA,NA,NA,NA,1,2,1,100,0,NA,NA,NA,0,2.28,0.72,1.6416,2.28,0.72,1.64,3,NA,1,1,"karp",1,1,0,0,0,21.725,NA,0,1,NA,13,50,0,50,0,NA,NA,4,NA,NA,4,"ketju",1,2,1,NA,0,1,0,NA,NA,NA,NA,NA,NA,NA,NA,4,1,1,1,NA,NA,0,NA,1,20,"e",0,NA,NA,0,5,84,12,7,4.64,3.8,2.51885714285714,0,NA,NA,NA,2,NA,1,1,"karp",0,0,0,0,0,20.875,NA,0,1,NA,13,60,0,40,0,NA,"",4,NA,NA,"",4,NA,"ketju jossa muovilapyskoja",1,2,1,"",0,0,NA,100,0,2,1,NA,1,0.14,5.6,0,0,1,80,"e",1,NA,NA,NA,35,2.54,1.9,2.4,0.75,4.826,1.8,1,1,"karp",0,0,0,0,0,22.525,NA,0,23,123,10,100,0,NA,NA,"",4,"",NA,"",4,"","ketju",1,2,1,NA,0,1,"1",0,NA,1,0,1,NA,4.875,0,0,1,15,0.01,166.67,15,16,NA,0,4,2,2,2,2,2,2,3,10,20,6,3,8.31,0,35.44,0,10.77,1,33.72,0,1.02,8.5,1.7,1.36,0,0,2.72,1.36,13.27,14.63,166.67,0,0.16,2.88,1.55,3.28,1.03,1.53,1,2,1,1,2,1,0,2,1083.5,1281.17,197.67,15.43,10.5,7.5,0,2.92,0,3.82,3.64
22,10,2,"TUOMOLA",2,140,0,600,0,2,0,0,0,1,1,0,1,1,NA,1,1,0,0,1,0,1,0,0,0,0,0,1,0,0,1,0,1,0,1,1,134,0,1,0,1,0,1,1,NA,1,1,1,0,0,0,0,0,2.3,1,"3",NA,14,1,2,0,1,1,0,0,0,0,0,0,0,0,10,5,1,0,1,0,0,"",0,0,7,NA,NA,NA,NA,NA,2,2,0,5,0,100,0,0,0,2,1,28,NA,NA,NA,NA,4,0,NA,NA,NA,10,0,1,1.25,3,1.5,34,NA,1.5,10,NA,2,1,NA,NA,NA,NA,NA,NA,NA,NA,NA,NA,NA,NA,NA,NA,NA,NA,NA,NA,"",NA,NA,NA,NA,NA,NA,NA,NA,NA,NA,NA,NA,NA,NA,NA,NA,NA,NA,NA,NA,NA,"",NA,NA,NA,NA,NA,NA,NA,NA,NA,NA,NA,NA,NA,NA,NA,NA,NA,NA,NA,NA,NA,NA,NA,NA,NA,"",NA,NA,NA,NA,NA,NA,NA,NA,NA,NA,NA,NA,NA,NA,NA,NA,NA,NA,NA,"",NA,NA,NA,NA,NA,NA,NA,NA,NA,NA,NA,0,NA,NA,NA,NA,"",NA,NA,NA,"",NA,NA,"",NA,NA,NA,"",NA,NA,NA,NA,0,NA,1,NA,NA,NA,0,NA,NA,NA,NA,"",NA,NA,NA,NA,NA,NA,NA,NA,NA,NA,NA,NA,NA,"",NA,NA,NA,NA,NA,NA,NA,NA,NA,NA,0,NA,NA,NA,NA,"",NA,"",NA,"",NA,"","",NA,NA,NA,NA,NA,NA,"",NA,NA,NA,NA,NA,NA,NA,NA,NA,NA,NA,0.01,70,9,8,NA,0,2.67,NA,NA,NA,NA,NA,NA,3,30,30,2,3,3.53,0,33.9,0,3.53,0,33.9,0,4.65,6.98,13.95,0,0,0,2.33,2.33,6.98,23.26,70,4.29,0,1.88,1.53,1.88,0.55,1.53,2,2,1,2,1,2,1,1,141.58,141.58,0,0,6,2,2,2.64,NA,4.82,2.64
23,6,2,"MaKELa_MTY",1,391,73,207,2,2,1,1,2,1,1,1,1,1,1,1,1,1,1,1,0,1,0,0,0,0,0,1,1,0,2,0,1,1,1,0,13,0,1,0,4,0,1,0,NA,1,1,1,0,0,0,0,0,2.3,2,"3",5,6,NA,1,0,1,0,0,0,1,1,0,1,0,0,50,10,1,0,1,0,0,"",100,1,NA,0,1,NA,NA,8,3,12,NA,NA,NA,100,100,0,10,2.1,1,34,0,26,NA,1,3.5,0,3.5,2,3,0.5,1,0.5,0.75,3,1,34,2,0.5,65,NA,NA,1,2,1,68,0,NA,NA,NA,0,2.39,0.79,1.8881,2.39,0.79,1.89,3,NA,1,1,"karp",0,0,0,0,0,21.94,NA,0,1,NA,13,75,0,25,0,NA,NA,4,NA,NA,NA,"",NA,3,NA,2,0,0,0,100,1,0,1,0,0,1,1,4,1,0,1,1,7.125,0,0,1,90,"e",1,0.3,0.944444444444444,0,1,204,12,17,5.7,4.966,1.66507058823529,0,2.05,0.84,1.722,2,5,1,1,"karp",0,0,0,0,0,20.85,NA,1,1,NA,13,20,0,80,0,NA,"",4,NA,NA,"",2,NA,"1",NA,2,NA,"2",0,0,NA,10,1,4,1,0,1,1.1,5.5,0,0,1,10,"e",0,NA,NA,NA,NA,2.46,1.78,2.37,0.68,4.3788,1.6116,1,1,".kissa ja karpasi",1,1,0,0,0,21.25,NA,1,35,12,10,100,0,NA,NA,"",4,"",5,"",4,"joillakin rulla","1",NA,1,NA,2,1,0,"1",10,NA,1,0,1,1,7,0,0,1,20,0.01,195.5,16,15,NA,13,2.33,2,2,0,0,2,2,NA,24,40,4,3,5.14,0,NA,NA,NA,NA,NA,NA,NA,NA,NA,NA,NA,NA,NA,NA,NA,NA,97.75,0.53,0.19,2.27,NA,NA,NA,NA,NA,NA,NA,NA,NA,NA,NA,NA,408.92,550.42,141.5,25.71,10,5,4,NA,0,NA,NA
24,9,NA,"MaKILa",2,700,250,1120,0,4,1,1,1,1,1,0,1,1,1,1,1,0,1,1,0,1,0,0,0,1,1,1,1,1,12,0,1,1,1,0,3,0,NA,1,0,1,0,0,NA,1,1,1,0,0,0,1,0,2.4,1,"3",NA,0,NA,2,2,1,1,1,0,1,1,0,1,1,1,50,25,12,0,1,1,0,"",0,0,NA,NA,NA,NA,NA,NA,NA,NA,NA,NA,NA,NA,NA,NA,NA,2,NA,NA,NA,NA,NA,NA,5,1,NA,NA,NA,NA,NA,NA,NA,NA,NA,NA,NA,NA,NA,NA,NA,0,2,1,72,0,NA,NA,NA,0,2.3,0.7,1.61,2.3,0.7,1.61,3,4,1,1,"karp",1,1,0,0,0,22,14,0,12,NA,12,80,20,0,0,NA,NA,4,NA,NA,4,"kangas tms",NA,NA,NA,1,0,0,1,10,NA,NA,NA,NA,NA,NA,NA,4,1,1,1,1,3,0,0,1,10,"e",0,1,1.5,0,1,320,32,10,8,3.4,2.72,0,2.6,0.75,1.95,3,145,1,1,"karp",1,1,0,0,0,NA,NA,0,1,NA,1,70,0,0,0,NA,"",4,NA,NA,"",NA,NA,"",NA,3,NA,"1",0,0,NA,30,1,4,1,0,1,1.1,3.5,0,0,1,30,"e",0,NA,NA,NA,20,2.6,2.5,2.3,0.7,4.81,1.61,0,1,"karp",0,0,0,0,0,22,14,0,12,12,58,42,0,NA,2,"",3,"50possut",NA,"",NA,"","",NA,3,NA,1,0,0,"",30,NA,1,0,1,1,8.75,0,0,1,30,0.01,175,16,17,NA,17,2.25,0,0,1,1,3,1,5,13,25,6,2,23.33,1,68.68,1,16.65,1,46.61,1,5.11,9.27,31.63,1.28,0,0,11.82,1.28,18.53,49.2,116.67,1.6,0.36,4.83,1.84,4.08,1.22,1.67,2,2,2,1,2,2,1,2,690.17,1044.75,354.58,33.94,8,6,6,3.04,1,7.01,4.3
25,7,2,"NASUVAARA",1,270,50,50,0,3,1,0,1,1,1,0,1,1,1,1,1,1,1,1,0,1,0,0,0,1,0,0,1,0,0,0,12,0,0,1,0,1,1,0,0,1,1,1,NA,1,1,1,0,0,0,0,1,2,NA,"3",0,6,NA,2,1,1,0,0,0,1,1,0,0,0.5,0.5,7,1,0,0,0,0,0,"",90,1,NA,0,1,4,0,NA,2,1,1,NA,NA,100,0,8,1,1.93,1,38,1,39,NA,1,4,0,4,2,2,3.3,1,1,2.5,2.5,1.5,34,2,0.75,25,NA,NA,0,2,1,40,0,NA,NA,NA,0,2.3,0.75,1.725,2.3,0.75,1.72,3,5,1,0,"",0,0,0,0,0,24.25,23,1,1,NA,13,85,0,15,0,NA,NA,4,NA,NA,5,"ketju",NA,NA,NA,NA,0,0,1,NA,1,0,0,0,0,NA,NA,4,1,0,1,1,NA,0,0,1,10,"e",0,NA,NA,0,1,160,8,20,6.5,4,1.3,0,2,0.65,1.3,2,5,0,0,"",0,1,0,0,0,25.75,23,0,1,NA,13,65,0,33,0,2,"",2,NA,3,"",5,NA,"ketju+muovi",1,NA,NA,"2",0,0,NA,20,1,4,1,0,1,0.125,6.3,0,0,1,30,"e",0,NA,NA,2,36,2.5,2,2.45,0.65,5,1.5925,1,1,"karp",0,0,0,0,0,23.13,23,0,12,12,50,50,0,NA,2,"",2,"",NA,"",5,"","",NA,NA,NA,2,0,0,"",20,NA,1,1,1,1,NA,0,0,1,30,0.01,90,14,15,NA,12,2,4,2,1,1,4,2,NA,19,35,2,3,10.69,1,44.67,0,9.56,1,39.93,0,1.94,6.8,0.97,0.97,0,0,0.97,0.97,10.68,11.65,135,0.19,0.19,3.27,1.65,3.09,0.98,1.6,1,1,1,1,1,1,0,2,261.92,293,31.08,10.61,9,6,3,2.61,1,3.41,3.27
26,6,3,"NIITYNMAAN_PORSAS",1,956,30,0,6,3,1,1,2,0,1,0,0,1,1,1,1,1,1,0,1,NA,1,NA,NA,1,1,1,1,0,1,1,1,1,1,1,34,0,0,0,0,1,1,1,NA,1,1,1,1,0,0,0,0,4,NA,"3",NA,2,1,2,2,0,0,0,0,1,0,1,1,0.25,1.5,100,3.5,36,1,0,0,1,"",100,1,NA,1,1,7,1,8,3,NA,0,3,1,100,80,0,10,2.1,1,28,0,28,6,2,5.5,4,5.5,NA,NA,10,1,1.25,0.5,3.5,0.5,134,1,0.5,120,NA,2,1,2,1,NA,0,NA,NA,NA,0,2.325,0.768,1.7856,2.33,0.77,1.79,3,NA,NA,1,"karp",0,0,0,0,0,19.075,NA,0,12,NA,12,80,20,0,0,NA,NA,4,NA,NA,4,"ketju",1,NA,1,2,0,0,1,0,1,0,1,0,0,0,0,4,NA,NA,NA,NA,NA,NA,NA,1,10,"e",0,0.9,1.6,0,2,288,4,18,5,9.3,2.58333333333333,1,NA,NA,NA,2,45,1,1,"lintuja",0,0,0,0,0,21,NA,0,1,NA,13,50,NA,NA,NA,NA,"",3,10,2,"",NA,NA,"",0,2,2,"2",0,1,1,90,0,2,1,NA,1,0.111,2.5,0,0,2,80,"e",1,NA,NA,6,40,2.6,2,2,0.75,5.2,1.5,0,1,"karp",0,0,0,0,0,22,NA,0,123,12,55,45,0,NA,NA,"",2,"85",246,"puru",4,"","ketju",1,2,1,2,1,0,"",NA,NA,1,0,1,NA,5.625,0,0,1,NA,0,318.67,14,15,NA,123,2.67,3,2,1,1,4,3,3,17,33,6.5,3,13.76,1,58.27,1,13.29,1,56.3,1,3.2,5.49,1.6,0.92,0,0,1.83,0.92,11.21,12.13,147.08,0,0.03,3.71,1.77,3.65,1.12,1.75,2,1,1,1,1,1,0,1,959.25,992.92,33.67,3.39,7,9,3,2.34,1,3.48,3.35
27,8,2,"OJALA",2,84,20,600,1,1,0,0,0,1,1,1,1,1,1,1,1,1,1,1,0,0,1,0,0,0,0,1,1,0,0,1,1,1,1,0,1346,0,NA,NA,5,0,1,1,NA,1,1,1,1,0,0,0,0,2.4,1,"3",0,0,NA,2,1,0,0,0,1,1,1,0,1,2,0.5,18,12,0,0,0,0,0,"",100,1,NA,1,1,7.5,1,8,3,12,1,NA,1,77,0,1,0,1.995,1,0,NA,28,NA,0,5,4,5,2,12,4,1,0.4,0.5,5,1.5,134,2,1.5,12,7,2,0,NA,NA,NA,NA,NA,NA,NA,NA,NA,NA,NA,NA,NA,NA,NA,NA,NA,NA,"",NA,NA,NA,NA,NA,NA,NA,NA,NA,NA,NA,NA,NA,NA,NA,NA,NA,NA,NA,NA,NA,"",NA,NA,NA,NA,NA,NA,NA,NA,NA,NA,NA,NA,NA,NA,NA,NA,NA,NA,NA,NA,NA,NA,NA,NA,NA,"",NA,NA,NA,NA,1,56,5,12,NA,NA,NA,NA,2.3,0.6,1.38,NA,NA,NA,NA,"",NA,NA,NA,NA,NA,NA,NA,NA,NA,NA,NA,100,NA,NA,NA,NA,"",NA,NA,NA,"",NA,NA,"",NA,NA,NA,"",NA,NA,1,0,1,4,NA,NA,NA,0.18,9,NA,NA,NA,10,"",0,NA,NA,2,15,NA,NA,2.4,0.65,NA,1.56,NA,NA,"",NA,NA,NA,NA,NA,NA,NA,NA,NA,NA,50,NA,NA,NA,NA,"",NA,"",NA,"",NA,"","",NA,NA,NA,NA,NA,NA,"",10,NA,NA,NA,NA,NA,6.25,NA,NA,NA,10,0.01,84,14,13,NA,12,2.75,4,2,2,2,3,2,3,33,40,2,2,2.2,0,42.9,0,1.94,0,37.83,0,10.81,5.41,0,0,0,0,0,0,16.22,16.22,42,7.14,0.24,1.48,1.63,1.39,0.29,1.58,2,1,1,1,2,1,0,1,90.92,103.08,12.17,11.8,9,7.5,4,2.32,1,4.03,4.03
28,6,1,"PELO",1,74,0,5,0,2,1,1,1,1,1,1,1,1,NA,1,NA,1,0,1,0,1,0,0,1,0,0,1,1,0,0,1,0,0,0,0,136,0,1,0,1,0,1,1,NA,1,1,0,0,0,0,0,0,2.2,2,"3",0,56,1,12,1,0,0,0,0,1,0,0,0,NA,0.5,1,NA,0,0,0,0,0,"",80,1,8,0,0,6,1,8,3,12,1,0,1,20,80,65,0,1.35,1,NA,1,28,NA,1,5,0,2,2,2,NA,1,1,2,3,0.01,134,2,0.5,10,14,2,1,1,1,72,9,8,5.94,3.02,2.24235,1.71,0.57,0.9747,NA,NA,NA,124,125,1,0,"0",0,0,0,0,0,18.68,NA,0,1,0,13,NA,NA,NA,NA,2,0,3,5,0,24,"maitopurkkeja",1,2,0,2,0,0,0,NA,0,0,0,0,0,0,0,0,1,0,1,0.222222222222222,7,0,0,1,20,"e",0,0.1,0.3,1,1,72,9,8,5.94,3.02,2.24235,0,1.71,0.57,0.9747,124,125,1,0,"",0,0,0,0,0,18.68,NA,0,1,NA,13,30,NA,NA,NA,2,"",3,5,5,"",24,NA,"maitopurkkeja",1,2,1,"2",0,0,1,NA,0,2,1,0,1,0.222222222222222,7,0,0,1,20,"e",0,NA,NA,1,22,3.1,2.08,2.21,0.73,6.448,1.6133,0,1,"karp",0,0,0,0,0,18.75,NA,0,125,12,60,40,0,NA,2,"",2,"",3,"",NA,"","",1,2,1,2,0,0,"",0,2,1,NA,1,1,7,0,0,1,NA,0.03,37,13,12,NA,12,2,3,3,3,3,4,2,3,25,30,2,4,17.09,1,52.57,1,15.29,1,47.06,1,13.33,0,0,0,0,13.33,6.67,6.67,20,33.33,37,0.07,0,4.13,1.72,3.91,1.18,1.67,2,1,2,2,2,2,0,1,76.08,85,8.92,10.49,10,6,1,0,1,5.77,4.47
29,6,2,"PENKKALA",2,155,25,330,0,2,1,0,1,1,1,1,1,1,1,1,1,1,1,0,0,1,0,0,0,0,0,1,0,0,0,0,1,0,1,1,13,1,1,0,4,0,0,0,NA,1,1,1,0,0,0,0,0,2.3,1,"3",NA,2,1,2,1,0,1,0,0,1,0,0,1,0,0,1,1,1,0,1,0,0,"",95,1,NA,1,1,7,1,8,2,1,0,NA,1,90,0,10,0,1.9,1,21,NA,30,NA,1,7,0,7,2,1,7,0,2,1,3,0.5,34,NA,1.5,75,NA,12,1,2,1,36,36,NA,NA,NA,0,2.18,0.75,1.635,2.18,0.75,1.64,3,NA,1,1,"karp",0,0,0,0,0,18.1,NA,0,1,NA,13,67,0,33,0,NA,NA,4,NA,NA,4,"muovirinkula osalla",1,2,1,2,0,0,0,NA,NA,NA,NA,NA,NA,NA,NA,4,1,0,1,1,6.825,0,0,1,10,"e",1,0.272727272727273,0.545454545454545,0,1,90,6,15,7.98,6.57,3.49524,0,2.28,0.74,1.6872,123,NA,1,0,"",0,0,0,0,0,18.9,NA,0,1,NA,13,75,0,25,0,NA,"",4,NA,16,"olki hakissa seinalla. puru",NA,NA,"",1,2,1,"2",0,NA,0,NA,0,5,1,0,1,0.33,7.6,0,0,1,20,"e",1,NA,NA,1,44,2.5,1.94,2.37,0.79,4.85,1.8723,NA,1,"karp",0,0,0,0,0,19.8,NA,0,12,12,75,25,0,NA,25,"perunajauho possuilla",3,"",16,"puru",NA,"","",1,2,NA,2,0,NA,"1",NA,NA,1,1,1,1,4.125,0,0,1,50,0.01,77.5,13,12,NA,123,2.33,2,1,2,2,3,2,4,25,30,2,1,10.83,1,59.9,1,9.4,1,51.96,1,1.3,7.79,36.36,2.6,0,0,12.99,0,9.09,49.35,77.5,2.13,0.16,3.29,1.78,3.07,0.97,1.72,1,2,2,1,1,2,1,2,156.92,180.92,24,13.27,8,4,3,2.79,0,7.03,3.02
30,7,3,"PORSASMaKI",1,670,170,10,0,3,1,1,2,1,1,1,1,1,1,1,1,1,0,1,0,1,1,0,0,1,1,1,1,1,1,0,1,0,1,1,3,1,1,0,0,1,1,1,NA,1,1,1,0,0,0,0,0,2.3,1,"3",0,156,NA,NA,1,1,1,0,1,1,1,0,0,1,1,6,2,3,0,0,0,1,"",100,1,NA,0,0,7,1,8,3,12,NA,NA,NA,100,0,0,10,2.1,1,28,NA,28,NA,1,5,2,2,2,NA,10,0,1.75,1.25,3.5,0.3,134,1,0.5,30,7,2,1,2,1,168,0,NA,NA,NA,0,2.3,0.7,NA,2.3,0.7,1.61,3,14,0,0,"",0,0,0,0,0,26.375,31,0,1,NA,13,80,0,15,0,2,NA,3,NA,NA,4,"",1,2,1,1,0,0,NA,30,0.5,0,0,0,0.5,1,1,4,1,0,1,1,7.875,0,0,1,30,"e",0,1,1.21428571428571,0,2,300,40,7,5,4,2.85714285714286,0,2.3,0.7,1.61,2,145,1,0,"",0,0,0,0,0,23.9,31,0,1,NA,13,60,40,0,0,14,"",2,60,1456,"paperi. pahvi",4,NA,"puupalikka narussa",1,2,1,"1",0,0,1,20,0,3,0.142857142857143,0,1,0.142857142857143,6.5,0,0,1,30,"e",0,NA,NA,6,28,2.6,1.9,2.35,0.7,4.94,1.645,1,0,"",0,0,0,0,0,26.5,31,0,12,12,60,38,0,NA,245,"ummetusrehu. porsasrehu. heina",2,"",NA,"",NA,"","muoviputki",1,2,1,NA,0,0,"1",0,NA,1,0,1,1,7,0,0,1,10,0,223.33,18,19,NA,124,1.33,4,3,3,3,4,2,NA,11,20,5,3,18.59,1,50.66,1,17.07,1,41.99,0,1.83,7.76,1.83,0.46,0,0.46,0.91,1.37,10.05,11.42,134,0.01,0.25,4.31,1.7,4.13,1.23,1.62,1,2,1,2,1,1,0,1,683,878.83,195.83,22.28,10,9,5,2.79,1,3.38,3.17
31,8,1,"RANTANEN_MTY",2,600,65,2000,0,2,1,0,1,1,1,1,1,1,1,1,1,1,1,1,0,1,0,0,0,1,1,1,1,1,1,1,1,1,1,1,12345,0,NA,1,1,0,0,0,NA,1,1,1,1,0,0,0,0,2.4,1,"3",0,0,NA,12,0,0,0,0,0,0,1,1,0,0,0,8,4.5,6,1,0,0,0,"",0,0,3,0,1,6.5,NA,8,3,13,1,NA,1,100,0,0,10,2.1,1,28,1,28,NA,1,7,4,NA,NA,NA,10,1,1,1,3.5,2.5,134,2,0.5,10,NA,NA,0,2,1,58,0,NA,NA,NA,0,2.3,0.7,1.61,2.3,0.7,1.61,3,NA,1,0,"",0,0,0,0,0,19.5,19,0,1,NA,13,80,0,20,0,NA,NA,4,NA,NA,NA,"",NA,3,NA,2,0,0,1,10,NA,NA,NA,NA,NA,NA,NA,4,1,0,1,1,6.25,0,0,1,NA,"e",0,1.5,0.6,0,1,120,12,10,8,3.5,2.8,0,2.5,0.8,2,12,5,0,0,"",0,0,0,0,0,19.375,19,0,1,NA,12,60,20,0,0,NA,"",4,NA,NA,"",NA,NA,"",NA,3,NA,"2",0,0,1,NA,1,4,1,0,1,1,6.5,0,0,1,NA,"e",0,NA,NA,5,28,2.8,1.9,2.3,0.75,5.32,1.725,0,1,"karp",0,0,0,0,0,19.95,19,0,23,2,10,100,0,NA,2,"",3,"",NA,"",4,"","ketju+muovi",1,3,NA,2,0,0,"0",10,NA,1,0,1,1,3.75,0,0,1,10,0,300,19,18,NA,0,2,0,0,0,0,3,1,4,17,30,5,2,6.86,0,45.54,0,5.71,0,37.95,0,2.97,14.83,30.51,1.69,0,0,22.88,3.81,20.34,55.08,120,3.33,0.11,2.62,1.66,2.39,0.76,1.58,2,2,2,2,2,2,1,2,612.58,735.17,122.58,16.67,8,9,2,3.85,1,7.42,4.51
32,7,1,"RANTSI",1,380,30,40,0,2,0,0,0,1,1,1,1,1,1,1,1,1,1,1,0,0,0,0,0,0,0,0,0,0,2,1,1,0,1,1,34,0,1,1,2,0,1,1,NA,1,1,1,0,0,0,1,0,2.4,2,"3",0,NA,NA,NA,0,1,0,0,1,0,0,0,0,0.25,0.5,3,3,6,1,0,0,0,"",100,1,NA,1,0,7,1,8.5,3,3,1,0,1,100,0,0,10,2.1,1,28,1,26,NA,1,4,4,4,2,1,3.5,0,0.5,0.5,3,1,1234,2,0.5,NA,NA,NA,0,2,1,140,20,NA,NA,NA,0,2.3,0.8,1.84,2.3,0.8,1.84,3,NA,1,1,"karp",0,0,0,0,0,27.67,28.3,0,1,NA,13,80,0,20,0,NA,4,NA,NA,NA,4,"muovipotkyla",1,NA,NA,2,0,0,1,20,1,0,0,0,0,1,1,4,1,0,1,1,NA,0,0,1,20,"e",0,NA,NA,0,2,90,12,7.5,6.5,3.7,3.20666666666667,0,NA,NA,NA,2,12345,1,1,"karp",0,0,0,0,0,27.25,28.3,0,1,NA,13,67,0,33,0,2,"",23,NA,16,"puru",4,NA,"pallo ketjussa",1,1.5,1,"2",0,0,1,70,0,3,0.133333333333333,0,12,0.13,NA,0,0,1,65,"e",0,NA,NA,4,44,2.7,1.85,2.5,0.8,4.995,2,1,1,"karp",0,0,0,0,0,NA,28.3,0,1,13,60,0,38,NA,12,"2",NA,"",16,"puru",4,"","pallo ketjussa",1,NA,NA,2,0,0,"0",50,NA,1,NA,13,1,2.5,0,0,1,50,0.01,190,12,11,NA,0,2.67,2,2,1,1,1,1,NA,15,22,NA,4,14.04,1,93.61,1,8.89,1,59.29,1,3.92,6.86,3.59,3.59,7.19,4.58,5.23,1.96,14.38,26.8,NA,0.11,0.08,3.75,1.97,2.98,0.95,1.77,2,2,2,2,2,2,0,2,384.58,607.17,222.58,36.66,9,4.5,2,2.62,1,5.18,3.79
33,8,1,"RUOKONEN",2,60,2,0,0,1,1,1,2,1,1,1,1,1,1,0,1,1,1,1,0,1,0,1,0,1,0,0,1,1,NA,1,1,1,1,1,13,0,1,NA,2,0,NA,0,NA,1,1,NA,1,0,0,0,0,2.3,2,"3",0,1,NA,2,NA,0,0,0,0,0,1,1,1,0,0,2.5,1,0,0,0,0,0,"",50,1,8,0,0,6,NA,NA,3,12,1,3,1,90,0,5,0,1.95,1,28,1,NA,NA,NA,3,0,3,NA,1,2,0,1.25,0.5,3,0.5,134,2,2,3,NA,NA,0,NA,NA,20,2,NA,NA,NA,0,2.5,0.75,1.875,2.5,0.75,1.88,3,5,1,1,"karp",1,1,0,0,0,NA,14,0,12,0,12,NA,NA,NA,NA,1,0,3,NA,NA,0,"0",0,0,NA,2,0,0,NA,NA,0,0,0,0,0,0,0,4,1,1,0,1,6.5,0,0,0,10,"e",0,0.636363636363636,1.4,0,1,36,4.5,8,5,4,2.5,0,NA,NA,NA,2,5,1,1,"karp",0,0,0,0,0,18.9,NA,0,1,NA,12,0,40,0,0,12,"",3,NA,1,"heinahakit on. mutta annetaan harvoin koska lannanpoisto menee tukkoon",NA,NA,"",NA,NA,4,"2",0,0,NA,NA,0,2,1.22222222222222,0,1,0.4,6.25,0,0,1,20,"e",0,NA,NA,1,18,NA,NA,2.3,0.93,NA,2.139,0,1,"karp",0,0,0,0,0,19.95,NA,0,12,12,63,37,0,NA,2,"ja kumimatot",2,"60",16,"olki tai sailoheina",4,"","kaupallinen muovilelu",NA,NA,2,2,0,0,"",10,NA,1,0,1,1,8.5,0,0,1,10,0.02,60,16,15,NA,0,2.33,3,1,3,2,4,2,3,15,15,1,1,10.19,1,NA,NA,NA,NA,NA,NA,NA,NA,NA,NA,NA,NA,NA,NA,NA,NA,60,0,0.03,3.19,NA,NA,NA,NA,NA,NA,NA,NA,NA,NA,NA,NA,49.08,52,2.92,5.61,9,7,3,NA,NA,NA,NA
34,7,1,"SAARENPaa",2,180,0,0,0,4,0,0,0,1,1,0,1,1,1,0,1,1,0,1,0,0,0,0,0,1,0,0,1,0,1,1,1,0,1,1,3,0,0,NA,1,0,NA,1,NA,1,1,1,0,0,0,0,0,NA,NA,"3",0,1356,NA,12,0,1,1,0,1,1,1,0,0,0,0,0,2.5,0,0,0,0,0,"",100,1,NA,0,0,NA,NA,9.5,3,12,1,NA,NA,80,0,5,5,2,1,NA,1,NA,NA,0,7,4,2.5,1,12,0.5,1,1,2,2,0.5,1234,NA,1,4,10,2,1,NA,NA,NA,NA,NA,NA,NA,NA,NA,NA,NA,NA,NA,NA,NA,NA,NA,NA,"",NA,NA,NA,NA,NA,NA,NA,NA,NA,NA,NA,NA,NA,NA,NA,NA,NA,NA,NA,NA,NA,"",NA,NA,NA,NA,NA,NA,NA,NA,NA,NA,NA,NA,NA,NA,NA,NA,NA,NA,NA,NA,NA,NA,NA,NA,NA,"",NA,NA,NA,1,1,NA,NA,NA,4,3.4,NA,2.5,2.2,0.85,1.87,2,1245,0,1,"karp",1,1,0,0,0,27.5,28,0,1,NA,1,100,0,0,0,12,"",2,NA,13,"",NA,NA,"",1,NA,NA,"1",1,0,NA,NA,0,2,0.875,0,1,0.25,5,0,0,1,50,"e",0,NA,NA,1,NA,2.6,2,2.3,0.85,5.2,1.955,1,1,"karp",0,0,0,0,0,NA,28,0.5,12,2,60,63,0,NA,12,"",2,"",136,"",3,"","",NA,NA,1,2,1,0,"",20,2,NA,0,1,1,6.75,0,0,1,20,0.02,45,11,10,NA,2,2,4,1,NA,NA,4,2,3,20,30,3,4,14.74,1,NA,NA,NA,NA,NA,NA,NA,NA,NA,NA,NA,NA,NA,NA,NA,NA,60,0,0,3.84,NA,NA,NA,NA,NA,NA,NA,NA,NA,NA,NA,NA,169.58,204.5,34.92,17.07,6,5,5,NA,NA,NA,NA
35,5,2,"Sikaco",1,1000,0,0,0,7,1,1,2,1,0,0,1,1,1,1,1,1,1,0,0,1,0,0,0,0,1,0,1,0,2,1,1,1,1,1,3,0,0,1,0,1,1,0,NA,1,1,1,0,0,0,0,0,NA,1,"3",1,1,1,2,2,1,1,0,1,1,1,0,0,NA,0.2,10,10,12,0,1,1,0,"",0,0,NA,1,1,NA,1,8,3,1,NA,NA,NA,100,0,3,3,2,1,28,NA,28,NA,1,4,2,4,2,1,7.5,0,1.1,1,2,5,34,2,0.5,30,7,3,1,2,1,NA,NA,NA,NA,NA,NA,3,0.75,NA,3,0.75,2.25,3,NA,NA,NA,"",NA,NA,NA,NA,NA,NA,NA,NA,NA,NA,NA,NA,NA,NA,NA,NA,NA,NA,NA,NA,NA,"",NA,NA,NA,NA,NA,NA,1,20,NA,NA,NA,NA,NA,NA,NA,NA,NA,NA,NA,NA,5.75,NA,NA,NA,20,"",0,NA,NA,NA,3,44,3,16,6.35,5.75,2.28203125,NA,2.3,0.75,1.725,NA,NA,NA,NA,"",NA,NA,NA,NA,NA,NA,NA,NA,NA,NA,NA,60,NA,NA,NA,NA,"",NA,NA,NA,"",NA,NA,"",NA,NA,NA,"",NA,NA,1,10,0,1,1,NA,NA,0.17,7.9,NA,NA,NA,NA,"",0,NA,NA,6,42,NA,NA,2.3,0.7,NA,1.61,NA,NA,"",NA,NA,NA,NA,NA,NA,NA,NA,NA,NA,40,NA,NA,NA,NA,"",NA,"",NA,"",NA,"","",NA,NA,NA,NA,NA,NA,"",NA,NA,NA,NA,NA,NA,6.75,NA,NA,NA,NA,0.01,142.86,15,16,NA,3,3,2,1,NA,NA,3,3,3,16,30,7,3,16.8,1,52.19,1,16.17,1,50.24,1,2.1,12.01,27.63,1.5,0,0,9.31,4.2,18.92,46.85,142.86,0,0,4.1,1.72,4.02,1.21,1.7,1,2,2,2,2,2,1,2,946.6,983.2,36.6,3.72,6,7,5,3.47,1,6.84,4.35
36,4,2,"SIKASUORA",1,500,120,214,0,3,1,1,NA,1,1,1,1,NA,NA,1,NA,1,1,1,0,0,0,0,0,0,0,NA,1,0,1,1,12,1,0,0,34,0,1,0,0,1,1,1,NA,1,1,1,1,0,0,0,0,2.4,1,"",NA,2,1,2,1,0,0,0,0,1,1,0,0,0.5,1.5,90,8,1,0,1,0,0,"Ell ei motivoitunut. vieroitusripuli vaikea",100,1,NA,0,1,7,1,8,3,2,NA,1,1,100,0,25,5,1.8,1,28,0,28,6,2,4.5,0,4.5,3,NA,3,1,1,1,3,2,34,2,0.5,50,10,2,1,2,2,140,NA,NA,NA,NA,NA,2.3,0.6,NA,2.3,0.6,1.38,23,NA,NA,NA,"",NA,NA,NA,NA,NA,NA,NA,NA,NA,NA,NA,80,NA,NA,NA,NA,NA,NA,NA,NA,NA,"",NA,NA,NA,NA,NA,NA,0,100,NA,NA,NA,NA,NA,NA,NA,NA,NA,NA,NA,NA,4.75,NA,NA,NA,10,"",0,NA,NA,NA,6,40,12,6,4.2,3.5,2.45,NA,NA,NA,NA,NA,NA,NA,NA,"",NA,NA,NA,NA,NA,NA,NA,NA,NA,NA,NA,60,NA,NA,NA,NA,"",NA,NA,NA,"",NA,NA,"",NA,NA,NA,"",NA,NA,1,10,NA,0,1,NA,NA,0.111,4.1,NA,NA,NA,10,"",0,NA,NA,1,112,NA,NA,2.4,0.7,NA,1.68,NA,NA,"",NA,NA,NA,NA,NA,NA,NA,NA,NA,NA,10,NA,NA,NA,NA,"",NA,"",NA,"",NA,"","",NA,NA,NA,NA,NA,NA,"",10,NA,NA,NA,NA,NA,4.125,NA,NA,NA,NA,0.01,166.67,2,3,NA,12,3,3,3,2,1,2,2,4,4,6,3,2,11.81,1,67.66,1,9.81,1,53.02,1,1.54,4.23,0.38,0,0,0,1.92,0.38,8.08,8.46,166.67,0.43,0.24,3.44,1.83,3.13,0.99,1.72,1,1,1,1,1,1,0,1,465.58,601.67,136.08,22.62,6.5,6,2,2.06,1,2.91,2.84
37,2,3,"SIKATIIMI",1,800,25,0,0,4,1,0,1,1,1,1,0,1,1,1,1,1,0,0,0,1,1,1,NA,1,0,0,0,0,0,1,1,1,1,0,134,0,1,0,3,0,1,0,NA,1,1,1,0,0,0,0,1,2.4,2,"XMuuten. miten PYRITaaN PITaMaaN RYHMa STABIILINA. RYHMaT HAJOILEVAT KYLLa",0,14,NA,1,0,0,1,1,1,0,0,0,1,0,1,28,10,4,0,0,0,0,"",0,0,11,0,0,NA,NA,NA,3,13,NA,1,1,100,100,5,5,2,1,28,NA,23,6,2,5.5,4,5.5,3,NA,1.5,0,0.85,1,4,2,34,2,0.5,20,4,2,1,2,1,184,NA,NA,NA,NA,NA,2,0.63,NA,2,0.63,1.26,3,NA,NA,NA,"",NA,NA,NA,NA,NA,NA,NA,NA,NA,NA,NA,85,NA,NA,NA,NA,NA,NA,NA,NA,NA,"",NA,NA,NA,NA,NA,NA,0,20,NA,NA,NA,NA,NA,NA,NA,NA,NA,NA,NA,NA,6.875,NA,NA,NA,20,"",0,NA,NA,NA,3,144,4,36,14.1,3.65,1.42958333333333,NA,1.95,0.56,1.092,NA,NA,NA,NA,"",NA,NA,NA,NA,NA,NA,NA,NA,NA,NA,NA,85,NA,NA,NA,NA,"",NA,NA,NA,"",NA,NA,"",NA,NA,NA,"",NA,NA,1,20,1,4,1,NA,NA,0.5,8,NA,NA,NA,35,"",0,NA,NA,6,38,NA,NA,1.85,0.66,NA,1.221,NA,NA,"",NA,NA,NA,NA,NA,NA,NA,NA,NA,NA,55,NA,NA,NA,NA,"",NA,"",NA,"",NA,"","",NA,NA,NA,NA,NA,NA,"",0,NA,NA,NA,NA,NA,8,NA,NA,NA,0,0.01,200,13,12,NA,0,2.67,4,2,3,3,3,1,2,14,27,6,3,5.68,0,45.03,0,5.68,0,45.03,1,0.32,4.81,0.96,0.64,0,0,1.92,1.28,9.29,10.58,133.33,0,0.03,2.38,1.65,2.38,0.75,1.65,1,1,1,1,1,1,0,1,792.75,792.75,0,0,5,6,4,2.19,1,3.25,3.05
38,4,2,"PUISTONTILA",2,140,37,810,0,2,1,0,1,1,1,1,0,1,1,0,1,0,1,0,0,0,0,0,2,0,1,1,0,0,0,0,12,0,1,0,134,1,1,0,2,0,0,1,NA,1,1,1,0,0,0,0,0,2.3,2,"3",NA,13,NA,2,1,1,0,0,0,1,0,0,1,0.5,0.5,20,7.5,1,0,1,0,0,"Ei paljon ongelmia",100,1,NA,1,0,NA,NA,7.5,NA,12,1,0,1,20,0,10,30,2.2,1,4,1,NA,NA,0,7,0,7,3,1,2,0,1,1.25,2,0.01,124,2,0.5,5,7,2,1,1,1,90,NA,NA,NA,NA,NA,2.5,0.7,NA,2.5,0.7,1.75,12,NA,NA,NA,"",NA,NA,NA,NA,NA,NA,NA,NA,NA,NA,NA,85,NA,NA,NA,NA,NA,NA,NA,NA,NA,"",NA,NA,NA,NA,NA,NA,NA,0,NA,NA,NA,NA,NA,NA,NA,NA,NA,NA,NA,NA,NA,NA,NA,NA,0,"",0,NA,NA,NA,1,90,NA,NA,3.7,2.9,NA,NA,2.5,0.7,1.75,NA,NA,NA,NA,"",NA,NA,NA,NA,NA,NA,NA,NA,NA,NA,NA,65,NA,NA,NA,NA,"",NA,NA,NA,"",NA,NA,"",NA,NA,NA,"",NA,NA,1,20,0,3,1,NA,NA,NA,6.9,NA,NA,NA,20,"",0,NA,NA,5,10,NA,NA,1.95,0.6,NA,1.17,NA,NA,"",NA,NA,NA,NA,NA,NA,NA,NA,NA,NA,50,NA,NA,NA,NA,"",NA,"",NA,"",NA,"","",NA,NA,NA,NA,NA,NA,"",10,NA,NA,NA,NA,NA,6.875,NA,NA,NA,NA,0.01,70,10,9,NA,12,3,4,3,4,3,3,3,3,35,35,2,2,6.76,0,56.79,1,5.82,0,48.86,1,4.05,9.46,0,2.7,0,0,2.7,0,14.86,14.86,70,5.79,0.26,2.6,1.75,2.41,0.76,1.69,2,2,1,1,2,1,0,2,147.92,171.92,24,13.96,7,2,3,3.08,1,3.86,3.86
39,5,3,"TUITTULAN_PEKONI",1,1180,100,25,0,7,1,1,2,1,1,1,1,1,1,1,1,0,1,0,0,1,0,0,0,0,1,1,1,0,1,0,1,0,1,0,3,0,0,0,0,1,1,0,NA,1,1,1,0,0,0,0,0,2.4,2,"3",NA,1,NA,2,2,0,1,0,0,1,1,0,0,0.25,0.25,40,20,12,0,1,1,0,"",0,0,7,1,1,7.5,NA,8,3,12,NA,5,1,100,100,5,15,2.1,1,28,NA,28,NA,1,7,1,NA,NA,NA,10,0,1,0.5,5,1.5,134,NA,0.5,60,7,3,1,2,1,80,0,NA,NA,NA,0,2.2,0.7,1.54,2.2,0.7,1.54,3,13,1,1,"karp",1,1,0,0,0,23.275,NA,0,12,NA,12,80,25,0,0,NA,NA,4,NA,NA,3,"",NA,NA,NA,2,0,0,0,20,1,0,0.5,1,NA,1,1,4,NA,NA,NA,NA,7.125,NA,NA,NA,20,"",1,NA,NA,0,1,600,8,75,15.5,13,2.68666666666667,16,NA,NA,NA,1,5,0,0,"",1,1,0,0,0,21.45,NA,0,1,NA,23,20,50,50,0,NA,"",4,NA,2,"",NA,NA,"",NA,NA,NA,"2",0,0,0,40,0,1,0.013,NA,NA,1,5.6,NA,NA,NA,40,"",0,NA,NA,6,42,18,NA,2.2,0.7,NA,1.54,0,0,"",0,0,0,0,0,22.325,NA,0,23,NA,10,NA,NA,NA,NA,"",4,"",NA,"",3,"","",NA,NA,NA,2,0,0,"1",30,NA,NA,NA,NA,NA,12.5,NA,NA,NA,0,0.01,168.57,14,15,NA,13,3,0,0,1,1,1,1,NA,11,20,6,4,18.82,1,60.71,1,18.19,1,58.68,1,3.25,15.21,29.41,1.62,0,0.41,8.11,2.84,18.86,47.26,196.67,0.02,0.08,4.34,1.78,4.26,1.26,1.77,2,2,2,2,2,2,1,2,1174.5,1215,40.5,3.33,8,5.5,3,3.9,0,6.87,4.34
40,2,2,"Ylisimola",2,310,40,1800,0,3,1,1,2,1,1,0,1,1,1,1,NA,1,1,1,1,1,0,NA,NA,1,0,1,1,0,2,1,2,1,1,0,34,0,0,0,1,0,1,1,NA,NA,NA,NA,0,0,0,0,0,2.4,2,"",2,NA,NA,3,1,0,0,1,0,1,1,1,1,1,1,50,12,1346,1,1,0,1,"Mitaan ei kayda lapi erityisesti",100,1,NA,1,0,7.5,1,8.5,3,12,NA,0,1,100,NA,5,10,2.05,1,24,1,25,NA,1,5,4,5,2,1,10,0,0.6,1,2.5,3.5,1234,1,0.75,7.5,5,2,1,2,1,62,NA,NA,NA,NA,NA,1.8,0.66,NA,1.8,0.66,1.19,3,NA,NA,NA,"",NA,NA,NA,NA,NA,NA,NA,NA,NA,NA,NA,75,NA,NA,NA,NA,NA,NA,NA,NA,NA,"",NA,NA,NA,NA,NA,NA,0,0,NA,NA,NA,NA,NA,NA,NA,NA,NA,NA,NA,NA,6.125,NA,NA,NA,30,"",0,NA,NA,NA,1,115,10,10,8,6,4.8,NA,1.7,0.47,0.799,NA,NA,NA,NA,"",NA,NA,NA,NA,NA,NA,NA,NA,NA,NA,NA,100,NA,NA,NA,NA,"",NA,NA,NA,"",NA,NA,"",NA,NA,NA,"",NA,NA,1,0,1,4,1,NA,NA,1,7.8,NA,NA,NA,20,"",0,NA,NA,3,24,NA,NA,1.8,0.52,NA,0.936,NA,NA,"",NA,NA,NA,NA,NA,NA,NA,NA,NA,NA,55,NA,NA,NA,NA,"",NA,"",NA,"",NA,"","",NA,NA,NA,NA,NA,NA,"",0,NA,NA,NA,NA,NA,4.75,NA,NA,NA,0,0.01,103.33,17,16,NA,128,2.33,4,2,0,0,3,2,3,6,10,6,2,10.73,1,43.58,0,9.66,1,39.23,0,2.04,10.2,23.47,2.04,0,0,7.14,2.04,11.22,38.78,51.67,5.81,0.13,3.28,1.64,3.11,0.98,1.59,1,2,2,2,2,2,1,2,298.33,331.42,33.08,9.98,10,7,5,3.19,1,6.23,3.35
42,8,3,"YHTEISPORSAS",1,830,0,0,0,4,1,0,1,1,1,1,1,1,1,1,1,1,0,1,0,1,0,0,NA,1,1,1,1,0,2,1,1,1,1,1,13,0,1,NA,3,0,1,1,NA,1,1,1,0,1,0,0,1,2.4,1,"3",3,14,NA,1,1,1,1,0,0,1,1,0,1,1,1,15,10,1,0,1,0,0,"",0,0,12,NA,NA,NA,NA,NA,3,1,1,1,1,99,20,5,5,2,1,NA,NA,25,6,2,5,4,5,2,1,9,1,0.5,0.75,3,5,34,2,1,20,NA,NA,0,2,1,60,1,60,20,6.8,2.26666666666667,2.35,0.7,1.645,NA,NA,NA,3,5,0,1,"karp",0,0,0,0,0,22.85,25,0,1,NA,13,55,0,20,0,14,NA,1,NA,NA,NA,"",NA,3,NA,12,0,0,NA,10,1,0,1,0,0,0,0,4,1,0,1,1,NA,NA,0,1,10,"e",0,0.545454545454545,1.8,0,8,34,1,34,55.2,2,3.24705882352941,0,2.3,0.7,1.61,1,5,1,1,"karp",0,NA,0,0,0,24.5,25,0,1,NA,13,80,0,20,0,14,"",1,100,14,"",NA,NA,"",NA,1,NA,"12",0,0,1,10,1,4,1,NA,2,1,NA,0,0,1,10,"e",0,NA,NA,6,38,2.6,1.9,2.35,0.7,4.94,1.645,1,1,"karp",0,0,0,0,0,25.275,25,0,23,2,0,100,0,NA,NA,"",4,"",1,"",NA,"","",NA,2,NA,NA,0,0,"",30,NA,1,0,1,1,6.125,0,0,1,10,0,207.5,17,16,NA,12,1.5,4,2,4,1,2,1,5,15,25,6,4,5.59,0,41,0,5.59,0,40.96,0,3.5,3.85,1.4,0.35,0,0,1.75,0.7,10.84,11.54,138.33,0,0,2.36,1.61,2.36,0.75,1.61,2,1,1,1,1,1,0,1,804.83,805.67,0.83,0.1,8,8,5,1.96,1,3.4,3.29
44,2,1,"Sankola",1,52,15,20,0,3,0,0,0,1,1,1,1,1,1,1,0,1,1,1,0,1,0,0,0,0,0,1,0,0,0,0,2,1,1,1,13,NA,NA,NA,NA,0.5,NA,0,NA,1,1,1,0,0,0,0,0,4,1,"3",NA,NA,NA,2,0,0,0,0,1,1,0,0,0,2.5,0,10,7,0,0,0,0,0,"",100,1,NA,0,0,7.5,1,8.5,3,NA,1,5,1,85,NA,19,1,1.82,NA,NA,1,32,NA,1,7,NA,1.5,2,12,0.7,1,0.75,0.5,2.5,0.7,NA,NA,1,3,7,2,1,1,1,27,4,7,7,4.8,4.8,1.5,0.5,NA,NA,NA,NA,1,NA,NA,NA,"",NA,NA,NA,NA,NA,NA,NA,NA,NA,NA,NA,80,NA,NA,NA,NA,NA,NA,NA,NA,NA,"",NA,NA,NA,NA,NA,NA,1,0,NA,NA,NA,NA,NA,NA,NA,NA,NA,NA,NA,NA,7,NA,NA,NA,0,"",0,NA,NA,NA,2,14,1,14,3.5,4.6,1.15,NA,1.75,0.65,1.1375,NA,NA,NA,NA,"",NA,NA,NA,NA,NA,NA,NA,NA,NA,NA,NA,70,NA,NA,NA,NA,"",NA,NA,NA,"",NA,NA,"",NA,NA,NA,"",NA,NA,NA,0,1,4,1,NA,NA,1,8.5,NA,NA,NA,0,"",0,NA,NA,2,8,NA,NA,1.8,0.63,NA,1.134,NA,NA,"",NA,NA,NA,NA,NA,NA,NA,NA,NA,NA,75,NA,NA,NA,NA,"",NA,"",NA,"",NA,"","",NA,NA,NA,NA,NA,NA,"",0,NA,NA,NA,NA,NA,12.75,NA,NA,NA,0,0.06,17.33,8,9,NA,1,3,4,3,4,3,4,2,2,23,23,2.5,4,14.07,1,120.6,1,9.09,1,89.39,1,0,1.89,0,1.89,11.32,0,7.55,1.89,0,18.87,20.8,0.38,0.29,3.75,2.08,3.02,0.96,1.95,1,1,2,2,1,1,0,2,49.75,66,16.25,24.62,6,3.5,2,1.37,1,4.34,0
45,2,2,"KOSKINASULA",1,1102,43,0,0,7,1,1,2,1,1,1,1,1,1,1,1,1,1,1,1,1,0,0,0,0,1,1,1,1,1,1,1,0,1,0,4,NA,NA,NA,NA,0.5,NA,1,NA,1,1,1,1,1,0,1,1,2.4,2,"3",NA,NA,NA,2,2,0,1,1,0,1,0,0,1,1,10,35,15,1,0,1,0,0,"",100,1,NA,1,0,7,1,NA,NA,NA,NA,4,1,100,NA,7,33,2.26,NA,28,NA,28,6,2,5,2,NA,NA,3,10,NA,1,0.5,5,NA,NA,NA,0.5,22,7,2,1,2,1,49,NA,NA,NA,NA,NA,1.9,0.6,NA,1.9,0.6,1.14,3,NA,NA,NA,"",NA,NA,NA,NA,NA,NA,NA,NA,NA,NA,NA,100,NA,NA,NA,NA,NA,NA,NA,NA,NA,"",NA,NA,NA,NA,NA,NA,0,0,NA,NA,NA,NA,NA,NA,NA,NA,NA,NA,NA,NA,8.75,NA,NA,NA,0,"",0,NA,NA,NA,6,NA,NA,12,8,4,2.66666666666667,NA,NA,NA,NA,NA,NA,NA,NA,"",NA,NA,NA,NA,NA,NA,NA,NA,NA,NA,NA,80,NA,NA,NA,NA,"",NA,NA,NA,"",NA,NA,"",NA,NA,NA,"",NA,NA,1,20,0,6,0.17,NA,NA,0.17,15,NA,NA,NA,30,"",0,NA,NA,7,36,NA,NA,1.8,0.6,NA,1.08,NA,NA,"",NA,NA,NA,NA,NA,NA,NA,NA,NA,NA,10,NA,NA,NA,NA,"",NA,"",NA,"",NA,"","",NA,NA,NA,NA,NA,NA,"",0,NA,NA,NA,NA,NA,6.25,NA,NA,NA,0,0.01,157.43,15,16,NA,12,3,4,3,3,1,0,0,2,3,NA,5,4,16.36,1,58.41,1,15.75,1,56.21,1,4.57,9.64,5.08,1.02,0,0.25,3.55,4.06,19.29,24.11,220.4,0,0.04,4.05,1.77,3.97,1.2,1.75,2,2,1,2,2,2,0,2,922.83,958.92,36.08,3.76,9,8.5,4,3.11,1,4.91,4.39
